FID,id,geom,stembureau,naam,adres,postcode,plaats
stembureau.1,1,"POLYGON ((112454.89 499711.195, 112449.871 499715.886000002, 112449.809 499715.821000002, 112445.134 499720.193000004, 112445.197 499720.257000001, 112444.604 499720.811000001, 112444.543 499720.745000002, 112439.869 499725.117000001, 112439.929 499725.183, 112439.339 499725.735000002, 112439.277 499725.669000002, 112434.601 499730.041000002, 112434.664 499730.107000001, 112434.072 499730.659000001, 112434.01 499730.594000002, 112429.335 499734.966000003, 112429.398 499735.031, 112428.805 499735.585000003, 112428.744 499735.518000003, 112424.07 499739.890000002, 112424.13 499739.956000002, 112423.539 499740.509000002, 112423.478 499740.443000003, 112418.803 499744.814000001, 112418.865 499744.879999999, 112418.368 499745.344000002, 112418.307 499745.278000002, 112416.137 499747.306, 112416.198 499747.373000001, 112413.214 499750.163, 112418.115 499755.402000002, 112416.436 499756.973000003, 112422.077 499763.003999999, 112423.756 499761.433000002, 112425.508 499763.280000003, 112426.667 499762.191000002, 112429.273 499764.999999999, 112426.039 499768.016000002, 112426.231 499768.220999999, 112426.706 499767.777, 112431.282 499772.684000002, 112430.807 499773.128000002, 112430.998 499773.332000003, 112434.231 499770.318000001, 112436.869 499773.148, 112423.888 499785.275000003, 112438.108 499800.512000003, 112451.996 499787.529999997, 112449.96 499785.353000002, 112452.188 499783.270000002, 112452.127 499783.204000004, 112453.918 499781.531000001, 112457.062 499784.885000001, 112457.296 499784.666000001, 112454.15 499781.312999999, 112457.614 499778.094, 112457.683 499778.168000001, 112458.873 499777.053999999, 112458.933 499777.119000001, 112463.6 499772.755, 112463.539 499772.689, 112464.13 499772.135000001, 112464.191 499772.201000002, 112468.858 499767.836000003, 112468.797 499767.770000001, 112469.388 499767.217, 112469.449 499767.282000001, 112474.116 499762.917000001, 112474.054 499762.851000001, 112474.646 499762.298000001, 112474.707 499762.364000002, 112479.381 499757.990000002, 112479.32 499757.925000001, 112479.809 499757.467000001, 112479.871 499757.533000002, 112482.047 499755.498, 112481.986 499755.431, 112489.598 499748.311000001, 112493.833 499744.348999999, 112496.375 499741.971000001, 112494.94 499740.436, 112492.774 499738.121000002, 112489.885 499735.032, 112487.782 499732.782000003, 112486.573 499731.489000001, 112483.431 499728.129000001, 112481.655 499726.23, 112478.513 499722.870000001, 112476.737 499720.972000001, 112473.596 499717.611999999, 112470.212 499713.994, 112468.108 499711.744000001, 112465.254 499708.691000003, 112463.102 499706.390000002, 112461.668 499704.857, 112459.112 499707.246999999, 112454.89 499711.195), (112448.615 499758.302, 112442.214 499751.456000001, 112438.46 499754.967000003, 112436.554 499752.930000004, 112438.758 499750.869000003, 112438.983 499751.110000003, 112439.209 499750.898000002, 112438.984 499750.656999999, 112440.065 499749.646, 112440.29 499749.887, 112440.517 499749.675000002, 112440.292 499749.434000002, 112441.402 499748.396, 112441.626 499748.636000001, 112441.853 499748.425, 112441.627 499748.183999999, 112442.731 499747.152000002, 112442.956 499747.393000001, 112443.182 499747.181000002, 112442.957 499746.940000001, 112444.023 499745.943000002, 112444.248 499746.184, 112444.475 499745.972000001, 112444.25 499745.732000002, 112445.323 499744.728000001, 112445.547 499744.968000002, 112445.774 499744.756000001, 112445.549 499744.515000002, 112446.652 499743.484, 112446.877 499743.725, 112447.103 499743.513000003, 112446.877 499743.271999999, 112447.907 499742.309000001, 112448.133 499742.549, 112448.36 499742.337000002, 112448.134 499742.097, 112449.201 499741.099000001, 112449.426 499741.34, 112449.652 499741.129, 112449.426 499740.887000001, 112450.507 499739.877000001, 112450.732 499740.118000002, 112450.96 499739.906000001, 112450.733 499739.664, 112451.822 499738.645999998, 112452.047 499738.887000003, 112452.274 499738.677000002, 112452.047 499738.435, 112453.144 499737.411, 112453.369 499737.652000001, 112453.596 499737.440000003, 112453.369 499737.199000001, 112454.457 499736.180000002, 112454.683 499736.422000002, 112454.91 499736.210000001, 112454.684 499735.967999999, 112455.765 499734.957000001, 112455.99 499735.199000001, 112456.217 499734.986999999, 112455.991 499734.745000001, 112457.093 499733.715, 112457.32 499733.956000002, 112457.546 499733.744000003, 112457.32 499733.503, 112458.422 499732.471000002, 112458.649 499732.712, 112458.875 499732.500000003, 112458.649 499732.260000001, 112459.73 499731.248000001, 112459.956 499731.489000003, 112460.182 499731.276999999, 112459.957 499731.037, 112462.323 499728.822000001, 112463.621 499730.212000001, 112463.365 499730.451000001, 112463.576 499730.676999999, 112463.831 499730.438000002, 112464.842 499731.520000002, 112464.587 499731.759000001, 112464.797 499731.983999999, 112465.053 499731.745, 112466.071 499732.834999999, 112465.816 499733.074000004, 112466.027 499733.300000001, 112466.282 499733.061000002, 112467.3 499734.15, 112467.044 499734.389000003, 112467.255 499734.615000002, 112467.511 499734.376000001, 112468.529 499735.466000003, 112468.273 499735.704000003, 112468.484 499735.93, 112468.74 499735.691000001, 112469.758 499736.781000001, 112469.502 499737.02, 112469.713 499737.246000001, 112469.97 499737.005999999, 112470.98 499738.088000002, 112470.724 499738.327000003, 112470.949 499738.568999998, 112471.206 499738.329000001, 112472.543 499739.761, 112470.134 499742.015999999, 112469.909 499741.775000002, 112469.683 499741.987, 112469.907 499742.228000001, 112468.835 499743.232000001, 112468.608 499742.990000001, 112468.383 499743.202, 112468.607 499743.444000001, 112467.498 499744.481999999, 112467.273 499744.239999998, 112467.047 499744.452000001, 112467.271 499744.694, 112466.176 499745.718000001, 112465.951 499745.478000001, 112465.725 499745.690000001, 112465.949 499745.930000002, 112464.869 499746.941000002, 112464.644 499746.701, 112464.418 499746.913000001, 112464.642 499747.153, 112463.577 499748.151, 112463.351 499747.909000002, 112463.124 499748.121000001, 112463.35 499748.362, 112462.255 499749.387, 112462.029 499749.146000001, 112461.803 499749.358, 112462.028 499749.599, 112460.926 499750.63, 112460.701 499750.390000001, 112460.474 499750.602, 112460.699 499750.841999999, 112459.626 499751.847000001, 112459.4 499751.605999999, 112459.174 499751.818000001, 112459.399 499752.059000002, 112458.334 499753.056000001, 112458.108 499752.815000002, 112457.881 499753.027000002, 112458.107 499753.267000001, 112457.012 499754.293000002, 112456.786 499754.052000001, 112456.559 499754.264000001, 112456.785 499754.505000002, 112455.691 499755.530000001, 112455.464 499755.288, 112455.239 499755.5, 112455.464 499755.742000001, 112454.383 499756.753000002, 112454.157 499756.510999997, 112453.932 499756.722000001, 112454.157 499756.963, 112453.091 499757.962000002, 112452.865 499757.721000001, 112452.638 499757.933000002, 112452.865 499758.173, 112451.755 499759.212, 112451.528 499758.971000002, 112451.303 499759.183, 112451.528 499759.423000001, 112450.426 499760.456000002, 112450.199 499760.215000002, 112449.974 499760.424999999, 112450.198 499760.667000001, 112449.111 499761.684000001, 112448.885 499761.444, 112448.659 499761.656000001, 112448.884 499761.896000002, 112446.782 499763.864000003, 112444.862 499761.811000001, 112448.615 499758.302))",606,School Ayundo,Blauwe Ring 91,1566 MX,Assendelft
stembureau.2,2,"POLYGON ((117258.847 493522.478000002, 117230.38 493530.070000001, 117232.23 493537.25, 117237.05 493555.62, 117234.97 493556.18, 117235.63 493558.660000003, 117246.675 493565.811000001, 117251.891 493556.814, 117252.699 493556.624000001, 117247.56 493536.8, 117259.28 493533.690000003, 117258.42 493530.440000001, 117260.77 493529.839999999, 117258.847 493522.478000002))",123,Speeltuinver. Het Havenkwartier,Havenstraat 71,1506 PK,Zaandam
stembureau.3,3,"POLYGON ((117769.242 498113.107999999, 117769.34 498113.127000003, 117769.1 498114.396000003, 117761.741 498113.003000002, 117758.412 498130.469000001, 117768.5 498132.337000003, 117769.554 498126.663999999, 117777.147 498128.114999999, 117777.653 498125.456, 117784.588 498126.773000001, 117784.081 498129.435000001, 117791.879 498130.921000001, 117792.384 498128.266, 117796.253 498129.013000002, 117795.988 498130.48, 117799.683 498131.159000002, 117798.192 498138.969000002, 117805.987 498140.447, 117806.56 498137.366000001, 117813.928 498138.776000002, 117814.065 498138.084000002, 117817.314 498138.726000003, 117817.192 498139.400000003, 117824.985 498140.875000003, 117826.569 498132.468000001, 117825.899 498132.338000001, 117826.405 498129.704000002, 117827.682 498129.956, 117830.58 498114.788000002, 117829.512 498114.576999999, 117830.304 498110.375999999, 117829.653 498110.261000003, 117830.181 498107.526000002, 117830.82 498107.639, 117832.221 498100.284000002, 117833.298 498100.471000003, 117836.147 498085.555000005, 117845.4 498087.320000002, 117848.766 498069.850999999, 117838.658 498067.923000001, 117837.478 498074.111, 117829.885 498072.667, 117829.753 498073.319000002, 117826.496 498072.695000003, 117826.623 498072.049000001, 117819.256 498070.636000001, 117819.832 498067.572999997, 117812.051 498066.092, 117810.57 498073.881000003, 117806.88 498073.185000002, 117806.599 498074.650999999, 117802.729 498073.914, 117803.236 498071.252000001, 117795.443 498069.767000002, 117794.931 498072.435000001, 117787.987 498071.119000003, 117788.506 498068.446000001, 117780.711 498066.933000004, 117780.193 498069.603000002, 117773.23 498068.320999999, 117773.495 498066.855, 117774.261 498067.002000002, 117777.171 498051.838999999, 117765.964 498049.688000001, 117766.699 498045.850000001, 117758.914 498044.370000001, 117757.184 498053.474, 117759.689 498053.964000001, 117758.768 498058.610000001, 117757.582 498058.391, 117756.518 498063.817, 117750.803 498062.717000001, 117748.944 498072.508999999, 117760.794 498074.761000002, 117760.07 498078.441000003, 117768.467 498080.044, 117768.753 498078.634000003, 117775.532 498079.944000002, 117774.153 498087.311000001, 117779.207 498088.272000002, 117775.783 498106.278000003, 117770.719 498105.309000001, 117769.242 498113.107999999), (117809.118 498082.560000002, 117816.431 498083.803000001, 117814.311 498096.304, 117806.998 498095.061000002, 117809.118 498082.560000002), (117793.232 498083.674, 117800.193 498084.922000003, 117798.703 498093.234999999, 117791.743 498091.987000001, 117793.232 498083.674), (117788.839 498107.664, 117795.563 498108.875000002, 117794.079 498117.119000001, 117787.355 498115.909000001, 117788.839 498107.664), (117804.106 498110.229, 117811.242 498111.605000002, 117808.814 498124.199000001, 117801.678 498122.823000002, 117804.106 498110.229))",122,School De Jagersplas,Brasemermeer 23 B,1509 GE,Zaandam
stembureau.4,4,"POLYGON ((113438.878 495844.78, 113435.83 495844.390000004, 113435.631 495846.005000001, 113433.213 495845.699000002, 113430.457 495867.458000001, 113430.721 495867.491000002, 113430.809 495866.800999999, 113448.717 495869.069000001, 113449.074 495866.246000002, 113452.543 495866.685000004, 113452.436 495867.525000002, 113458.206 495868.255000001, 113458.644 495864.795000001, 113462.113 495865.234000002, 113464.318 495847.823999999, 113446.412 495845.557000003, 113446.688 495843.376000001, 113439.176 495842.425000001, 113438.878 495844.78))",701,Dorpshuis De Kwaker,J.J. Allanstraat 127,1551 RC,Westzaan
stembureau.5,5,"POLYGON ((112336.752 500780.869000002, 112324.063 500791.163999999, 112329.313 500797.615999999, 112332.228 500795.245000002, 112344.593 500810.213000002, 112361.22 500796.478000003, 112345.458 500777.398999999, 112338.489 500782.988000001, 112336.752 500780.869000002))",605,Gymzaal De Springplank,Saenredamstraat 34,1566 KL,Assendelft
stembureau.6,6,"POLYGON ((115982.773 498657.588, 115983.337 498655.566000002, 115985.565 498647.574, 115947.786 498637.041000005, 115949.92 498629.386000003, 115950.591 498626.979000003, 115953.548 498616.373000001, 115954.219 498613.966000004, 115954.528 498612.859000003, 115956.69 498613.463000003, 115958.96 498605.320000002, 115941.808 498600.538000003, 115939.538 498608.681000002, 115945.135 498610.240999999, 115940.152 498628.114999998, 115940.731 498628.277000002, 115938.938 498634.708, 115942.492 498635.699000002, 115943.707 498636.038000002, 115943.121 498638.138, 115939.468 498651.240000002, 115947.502 498653.48, 115948.62 498649.472000001, 115971.848 498655.947999998, 115970.802 498659.7, 115974.513 498660.734000002, 115977.641 498661.606, 115981.363 498662.644000003, 115982.773 498657.588))",301,Culturele werkplaats Zaandijk,Tuinstraat 27 A,1544 RT,Zaandijk
stembureau.7,7,"POLYGON ((112301.94 501976.64, 112295.59 501979.360000001, 112302.44 501995.420000001, 112304.69 501994.45, 112306.5 501998.71, 112307.31 501998.360000001, 112307.24 501998.210000001, 112307.82 501997.970000001, 112308.32 501999.190000001, 112299.7 502007.11, 112302.55 502010.150000003, 112299.45 502013.019999999, 112306.48 502020.620000001, 112311.66 502015.860000003, 112310.8 502014.91, 112313.63 502012.280000001, 112316.39 502015.27, 112331.12 502001.730000002, 112319.65 501989.28, 112310.76 501968.430000002, 112300.34 501972.910000002, 112301.94 501976.64))",508,Buurthuis De Pelikaan,Kervelstraat 185 A,1562 AJ ,Krommenie
stembureau.8,8,"POLYGON ((113014.837 497520.644000002, 113015.528 497521.598000001, 113017.794336 497524.083195, 113020.368282 497526.248207002, 113023.204981 497528.055305999, 113026.255 497529.473000001, 113027.61 497525.999000001, 113029.686 497526.647, 113022.054 497554.21, 113036.743 497558.266000003, 113044.426 497530.545000003, 113047.827 497531.771000002, 113048.664 497536.565, 113048.979 497536.510000002, 113048.929 497536.223000001, 113052.754 497535.87, 113056.471 497534.805000001, 113059.929 497533.191000001, 113062.941 497531.158, 113065.672 497528.614000002, 113067.528 497526.357000002, 113067.547 497526.445, 113067.861 497526.379000001, 113067.5 497524.667000002, 113067.224 497524.711000002, 113064.762 497512.673000003, 113065.066 497512.612, 113064.22 497508.457000001, 113063.906 497508.521000001, 113064.243 497510.188000004, 113060.568 497510.908000001, 113059.951 497509.833000002, 113060.089 497509.754, 113059.93 497509.476000002, 113052.119 497513.956000002, 113052.304 497514.276999998, 113052.46 497514.188999999, 113053.157 497515.402000001, 113050.672 497516.768, 113050.618 497516.673000002, 113050.339 497516.831, 113051.16 497518.264, 113050.340994 497518.496637003, 113049.497303 497518.610981001, 113048.645921 497518.604726, 113047.804 497518.478000003, 113047.937 497517.996, 113033.221 497513.903, 113031.623 497519.65, 113029.714 497519.120000001, 113027.434 497517.738000001, 113024.945 497515.857000001, 113023.794 497514.245000002, 113014.837 497520.644000002))",702,Wijksteunpunt Lambert Melisz,Lambert Meliszstraat 29 A,1551 CT,Westzaan
stembureau.9,9,"POLYGON ((114286.816 501041.814000003, 114286.413 501041.960000002, 114278.421 501044.859000002, 114249.155 501055.143999999, 114252.625 501065.018000001, 114252.682 501064.998000003, 114254.449 501069.942000001, 114256.553 501070.927, 114278.012 501063.444, 114278.807 501065.598, 114277.186 501068.948999999, 114280.097 501070.331000002, 114283.928 501081.305, 114296.788 501076.810000002, 114289.076 501054.693999997, 114287.31 501055.310000001, 114286.579 501053.213000003, 114290.387 501051.910000001, 114289.739 501050.017999999, 114286.816 501041.814000003))",405,obs De Pionier,Kerkstraat 52,1521 JP,Wormerveer
stembureau.10,10,"POLYGON ((116401.929 496776.441000003, 116429.489 496785.403000002, 116429.639 496784.942999999, 116428.788 496784.666000001, 116432.548 496773.124000003, 116453.095 496779.800000002, 116455.691 496771.843000001, 116445.29 496768.434000003, 116443.388 496767.814999999, 116445.09 496762.585000003, 116431.533 496758.172000003, 116429.831 496763.393000001, 116408.43 496756.454000001, 116401.929 496776.441000003))",119,Jozefparochie,Veldbloemenweg 2,1508 WV,Zaandam
stembureau.11,11,"POLYGON ((117214.54 496868.420000001, 117225.86 496872.133000001, 117227.493 496867.143000001, 117227.942 496865.770000003, 117229.743 496866.359000002, 117229.719 496866.435000003, 117230.061 496866.547000002, 117230.082 496866.480999999, 117233.276 496867.526000002, 117233.254 496867.592000001, 117233.543 496867.687, 117235.573 496868.351, 117233.056 496876.275000001, 117233.32 496876.360000001, 117233.484 496875.850000001, 117241.748 496878.544, 117241.568 496879.069000001, 117241.822 496879.156000003, 117242.004 496878.626999998, 117250.14 496881.303000003, 117249.977 496881.833000001, 117250.236 496881.913000001, 117250.399 496881.383000002, 117258.638 496884.083999998, 117258.486 496884.602000002, 117258.76 496884.682000001, 117261.33 496876.820000002, 117262.26 496873.970000002, 117267.59 496875.720000001, 117266.65 496878.560000001, 117269.686 496879.560000002, 117273.76 496867.110000002, 117231.71 496853.329999999, 117229.58 496859.819999999, 117218.9 496856.320000002, 117221.45 496848.52, 117228.54 496850.849999999, 117232.9 496837.539999999, 117215.94 496831.980000002, 117214.8 496835.470000001, 117208.77 496833.500000001, 117206.68 496839.900000001, 117209.08 496840.680000001, 117205.41 496851.899999999, 117215.57 496855.239999999, 117211.63 496867.210000001, 117205.15 496865.079999999, 117199.61 496882.043000001, 117212.02 496886.090000001, 117212.97 496883.080000003, 117210.05 496882.119999998, 117211.8 496876.780000001, 117214.72 496877.740000001, 117215.72 496874.720000003, 117212.79 496873.759999998, 117214.54 496868.420000001))",118,obs Kogerveld,Perzikkruidweg 4,1508 AW,Zaandam
stembureau.12,12,"POLYGON ((117573.7 497911.91, 117568.14 497941.24, 117568.79 497941.360000001, 117566.73 497952.250000001, 117580.27 497954.8, 117580.18 497955.3, 117584.03 497956.010000001, 117583.72 497957.68, 117588.09 497958.510000001, 117587.92 497959.400000002, 117608.71 497963.340000001, 117611.15 497950.570000001, 117609.32 497950.220000002, 117609.54 497949.040000004, 117610 497949.130000002, 117615.56 497919.83, 117609.66 497918.710000002, 117610.46 497914.490000001, 117580.35 497908.81, 117579.55 497913.020000004, 117573.7 497911.91))",121,Sporthal de Tref,Drielse Wetering 84,1509 KR,Zaandam
stembureau.13,13,"POLYGON ((114917.282 498715.483000002, 114916.416 498724.633000005, 114916.714 498724.660000001, 114916.757 498724.377000003, 114921.291 498725.652999998, 114913.523 498742.012999999, 114912.675 498743.817999999, 114908.706 498752.162, 114908.978 498752.280000001, 114909.514 498751.191000003, 114916.722 498753.176000001, 114916.47 498754.033000001, 114916.097 498753.955000003, 114916.034 498754.244999999, 114918.884 498754.868000001, 114921.679 498755.798000002, 114921.772 498755.488999999, 114921.4 498755.390000003, 114921.644 498754.503000002, 114934.941 498758.166000001, 114936.615 498752.142999999, 114937.481 498752.342000002, 114937.394 498752.721000001, 114937.699 498752.780000001, 114938.325 498749.920000002, 114939.25 498747.14, 114938.965 498747.045, 114938.842 498747.415, 114937.968 498747.199, 114941.321 498735.053000003, 114942.187 498735.27, 114942.095 498735.663000002, 114942.398 498735.730000001, 114943.067 498732.879000001, 114943.955 498730.077999999, 114943.669 498729.987000001, 114943.551 498730.359, 114942.681 498730.151000001, 114944.353 498724.097000001, 114931.072 498720.430000002, 114931.309 498719.551000001, 114931.66 498719.629000001, 114931.725 498719.336000002, 114928.872 498718.705000001, 114926.113 498717.799000001, 114926.026 498718.077000001, 114926.392 498718.208000001, 114926.123 498719.056000001, 114917.476 498716.669, 114917.585 498715.529000002, 114917.282 498715.483000002))",303,School het Schatrijk,Rooswijkplein 10,1544 VZ,Zaandijk
stembureau.14,14,"POLYGON ((117328.305 494449.809000001, 117327.322 494447.955000003, 117324.202 494449.607000002, 117325.185 494451.463000003, 117295.744 494467.065000001, 117301.015 494477.011000001, 117307.165 494473.751, 117308.856 494476.941000001, 117334.187 494463.535000002, 117334.327 494463.799999999, 117344.391 494458.459, 117338.222 494446.817, 117331.574 494450.34, 117330.638 494448.573000001, 117328.305 494449.809000001))",112,Herman Gorterschool,D Doniastraat 18,1501 TX,Zaandam
stembureau.15,15,"POLYGON ((117682.89 493660.714000003, 117673.655 493700.080000001, 117679.732 493701.52, 117681.321 493701.880000001, 117685.847 493682.621, 117690.066 493664.566000002, 117690.535 493662.547, 117682.89 493660.714000003))",102,Handboog Schutters Czaar Peter,Madagaskar 16,1505 VH,Zaandam
stembureau.16,16,"POLYGON ((118254.106 494927.066000003, 118255.384 494919.870000001, 118244.724 494917.956, 118244.559 494909.979000003, 118246.934 494896.623000002, 118239.72 494895.351000001, 118237.355 494908.688000003, 118234.421 494916.103000001, 118223.802 494914.196000001, 118222.492 494921.384999999, 118254.106 494927.066000003))",105,Zaans Natuur en Milieu Centrum,Thijssestraat 1,1504 LB,Zaandam
stembureau.17,17,"POLYGON ((116342.869 495145.274999999, 116342.603683 495143.295310002, 116341.661205 495141.534259001, 116340.161184 495140.215358003, 116338.294 495139.506000003, 116336.586787 495139.499083001, 116334.955006 495140.000997002, 116333.546796 495140.966177003, 116332.49 495142.307000002, 116332.122146 495143.111545002, 116331.885513 495143.963962004, 116331.786 495144.843, 116331.822694 495145.707794002, 116331.992382 495146.55657, 116332.291 495147.369000003, 116332.653356 495148.038990002, 116333.103478 495148.653465, 116333.633 495149.201000002, 116332.765 495151.035000002, 116330.794 495150.102000001, 116330.399 495150.929, 116328.756 495150.155000002, 116327.251 495153.335000003, 116328.894 495154.112000001, 116324.586 495163.245000001, 116323.568677 495163.29376, 116322.835928 495164.001151001, 116322.751384 495165.016127002, 116323.357 495165.835, 116320.786 495171.281, 116345.759 495183.074000001, 116345.823 495182.939000001, 116347.711 495183.835000003, 116347.664 495183.935000003, 116361.275 495190.396000001, 116375.729 495159.854000002, 116362.12 495153.407000002, 116362.047 495153.560000002, 116360.149 495152.660999998, 116364.56 495143.324000002, 116372.674 495126.149, 116367.505 495123.714000001, 116367.549 495123.187, 116367.434 495122.691000001, 116367.156 495122.279000002, 116366.763 495121.997000001, 116366.285 495121.852000001, 116365.8 495121.884000001, 116365.348 495122.074000002, 116364.961 495122.398000001, 116364.901 495122.490999998, 116356.627 495118.588000002, 116356.713 495118.382999999, 116356.33 495118.207, 116343.393 495145.524000001, 116342.869 495145.274999999))",125,Zorgcentrum Saenden,Nova Zembla 2,1506 VD,Zaandam
stembureau.18,18,"POLYGON ((114282.19 501197.080000003, 114281.34 501197.350000001, 114283.08 501201.91, 114288.22 501200.130000003, 114287.48 501198.079999999, 114293.31 501195.980000001, 114294.05 501198.020000002, 114294.3 501197.840000003, 114293.55 501195.829999999, 114301.91 501192.780000002, 114302.63 501194.810000003, 114308.14 501192.890000002, 114307.36 501190.859999999, 114315.89 501187.76, 114316.63 501189.810000002, 114316.85 501189.750000001, 114316.11 501187.710000001, 114321.88 501185.610000002, 114323.43 501189.880000001, 114324.351 501189.546, 114328 501199.580000001, 114333.48 501197.510000001, 114329.19 501185.783000001, 114329.88 501185.530000004, 114328.64 501182.130000002, 114327.946 501182.384000001, 114327.33 501180.7, 114327.14 501180.730000001, 114326.97 501180.059999999, 114325.86 501180.489999999, 114323.139 501173.06, 114322.857 501173.162000001, 114323.116 501173.869000003, 114316.229 501176.39, 114315.97 501175.684, 114315.688 501175.785999999, 114315.947 501176.494000001, 114308.917 501179.066, 114308.658 501178.360000002, 114308.376 501178.462000003, 114308.635 501179.169999999, 114301.608 501181.739000002, 114301.349 501181.033, 114301.067 501181.134999999, 114301.326 501181.843000002, 114294.297 501184.413000004, 114294.038 501183.707000002, 114293.756 501183.809000002, 114294.015 501184.516999998, 114286.983 501187.086000001, 114286.724 501186.380000001, 114286.442 501186.482000003, 114286.701 501187.190000001, 114279.815 501189.707000004, 114279.556 501189.001000003, 114279.274 501189.107000004, 114282.19 501197.080000003))",403,Pinkstergemeente Ruach,Noorderstraat 7,1521 KA,Wormerveer
stembureau.19,19,"POLYGON ((118108.668 495852.927000003, 118108.155 495856.174, 118107.279 495856.024, 118107.517 495854.685000001, 118104.721 495854.188000001, 118104.483 495855.526999999, 118098.526 495854.469, 118098.491 495854.666, 118096.03 495854.229000001, 118091.694 495878.64, 118085.759 495877.575000002, 118084.435 495884.953000001, 118090.139 495887.132, 118089.966 495888.085999999, 118108.028 495891.365999999, 118112.479 495866.636000002, 118112.381 495866.618000001, 118113.825 495858.682, 118114.278 495858.760000001, 118114.537 495857.264000001, 118115.048 495854.05, 118108.668 495852.927000003))",107,"School De Windroos, INGANG PINASSTRAAT",Galeistraat 2,1503 TJ,Zaandam
stembureau.20,20,"POLYGON ((116742.7 496039.137000003, 116743.575 496039.453000003, 116741.678 496044.709000001, 116744.827 496045.981000002, 116747.279 496039.497999999, 116747.47 496039.570000001, 116749.545 496034.104000004, 116746.228 496032.845000001, 116749.846 496023.312999998, 116749.267 496023.100000001, 116748.323 496025.659999999, 116745.044 496024.45, 116745.27 496023.838, 116744.676 496023.618, 116744.161 496025.015, 116717.858 496015.397999999, 116713.742 496026.656000001, 116718.463 496028.384999999, 116717.663 496030.499000002, 116721.674 496031.967, 116722.472 496029.853999999, 116731.696 496033.233, 116730.897 496035.346, 116734.991 496036.844999998, 116735.79 496034.733000001, 116741.362 496036.773999999, 116741.269 496037.017000002, 116742.238 496037.385, 116742.16 496037.591000001, 116743.136 496037.950000002, 116742.7 496039.137000003))",117,"School De Saenparel, INGANG SCHOOLPLEIN",Herderinstraat 1,1502 ND,Zaandam
stembureau.21,21,"POLYGON ((115837.553 496650.304, 115837.311 496655.245000002, 115832.565 496655.039, 115832.585 496654.95, 115832.297 496654.937999999, 115831.975 496661.718000003, 115832.262 496661.734000001, 115832.278 496661.454000003, 115833.016 496661.467000002, 115832.825 496666.464000001, 115847.767 496667.171, 115847.809 496667.171000002, 115847.873 496665.820000001, 115853.258 496666.056000002, 115853.186 496667.418, 115853.026 496671.006000003, 115854.352 496671.086000001, 115854.336 496671.445000002, 115855.896 496671.502000002, 115855.909 496671.131999998, 115859.152 496671.279000002, 115859.121 496671.655, 115860.683 496671.717000004, 115860.698 496671.348000001, 115863.94 496671.491000001, 115863.921 496671.853, 115865.49 496671.923000001, 115865.506 496671.554, 115866.825 496671.613000001, 115867.097 496665.429000001, 115867.846 496665.462, 115867.834 496665.741, 115868.124 496665.754000001, 115868.444 496658.987000001, 115868.516 496657.463000002, 115868.226 496657.449000001, 115868.212 496657.739000001, 115867.513 496657.705000001, 115867.905 496649.850999998, 115867.605 496649.837000001, 115867.602 496649.907000001, 115866.473 496649.858, 115866.486 496649.555000001, 115864.938 496649.482000001, 115864.92 496649.862000002, 115861.674 496649.708000001, 115861.692 496649.328, 115860.134 496649.254000001, 115860.116 496649.634000001, 115856.87 496649.480000002, 115856.888 496649.1, 115855.34 496649.027, 115855.322 496649.407, 115854.143 496649.35, 115854.405 496647.924000002, 115846.832 496646.532, 115845.868 496651.767000001, 115837.553 496650.304))",201,Kerk van de Nazarener,Zuideinde 22,1541 CD,Koog aan de Zaan
stembureau.22,22,"POLYGON ((111087.95 497851.59, 111082.95 497858.16, 111094.31 497866.830000001, 111093.06 497868.470000001, 111099.47 497873.38, 111105.76 497865.130000001, 111102.42 497862.61, 111106.14 497857.680000001, 111106.79 497858.19, 111119.05 497842.040000001, 111108.8 497834.250000001, 111103.95 497840.660000003, 111100.57 497838.03, 111095.52 497844.69, 111098.93 497847.28, 111096.46 497850.530000002, 111096.55 497850.590000001, 111092.92 497855.370000002, 111087.95 497851.59))",602,Gebouw Brandweer,Dorpsstraat 395,1566 BE,Assendelft
stembureau.23,23,"POLYGON ((112251.431 502547.320000002, 112251.759 502553.054999999, 112247.882 502553.276999999, 112248.337 502561.230000001, 112252.174 502561.011000002, 112252.617 502568.763, 112256.404 502568.547, 112256.471 502569.707000002, 112260.682 502569.458999999, 112260.849 502572.391999998, 112264.794 502569.357000001, 112264.715 502568.126, 112272.151 502567.646999999, 112271.619 502559.375000003, 112268.025 502559.605999999, 112267.293 502548.248000003, 112259.594 502548.744000004, 112258.711 502535.054000002, 112250.756 502535.509000001, 112251.431 502547.320000002))",506,Odd Fellowhuis,Wederikstraat 2,1562 RR,Krommenie
stembureau.24,24,"POLYGON ((117438.921 498232.580000002, 117463.937 498258.981000001, 117470.169 498253.064000001, 117474.378 498253.142, 117474.831 498242.857000002, 117469.099 498242.609, 117456.538 498229.407000001, 117456.677 498222.952, 117453.027 498222.873000001, 117431.885 498200.609000001, 117432.377 498181.306000002, 117437.312 498181.413000003, 117437.084 498191.791000003, 117443.078 498191.922000001, 117442.882 498200.070000002, 117446.944 498200.180000004, 117446.833 498204.729, 117451.371 498204.840000001, 117452.335 498206.285, 117452.289 498208.104000002, 117451.29 498208.079000002, 117451.282 498208.379000001, 117464.259 498208.705000001, 117464.474 498199.906, 117455.971 498199.707999999, 117456.066 498195.946000004, 117450.863 498195.822000003, 117451.081 498187.952, 117451.118 498185.832000001, 117449.434 498184.072, 117443.61 498183.934, 117443.665 498181.856, 117439.904 498177.903999998, 117437.695 498177.858000002, 117437.743 498175.555000002, 117437.813 498175.563000001, 117437.838 498175.35, 117429.557 498166.676000002, 117426.23 498169.852000002, 117424.793 498169.870999999, 117424.828 498168.412, 117397.92 498167.765, 117397.677 498177.867999999, 117393.177 498177.742, 117397.797 498182.625999999, 117397.862 498180.576000001, 117401.539 498179.624000002, 117407.448 498179.775000001, 117411.062 498180.862000001, 117414.736 498179.949, 117417.384 498180.047000003, 117416.787 498206.456999999, 117423.058 498213.138999999, 117421.583 498214.508000002, 117423.151 498216.165, 117424.936 498216.204000004, 117424.553 498232.267000003, 117438.921 498232.580000002))",120,Zorgcentrum Nieuw Groenland,Bolksbeek 151,1509 ED,Zaandam
stembureau.25,25,"POLYGON ((115696.523 494125.573999999, 115690.458 494124.162000002, 115690.858 494122.445000002, 115680.318 494119.991000002, 115680.304 494120.052000002, 115678.27 494119.583000001, 115678.506 494118.550000002, 115668.806 494116.291000001, 115666.978 494124.143, 115668.691 494124.541000001, 115665.519 494138.165000001, 115667.289 494138.577000002, 115666.833 494140.536000004, 115666.769 494140.521000002, 115665.942 494144.075999999, 115674.636 494146.100000002, 115674.41 494147.070000002, 115681.644 494148.754000002, 115681.866 494147.799000001, 115697.411 494151.418, 115698.366 494147.314999999, 115698.898 494147.439000003, 115700.482 494140.637, 115701.237 494140.812999998, 115702.823 494133.999000003, 115703.575 494134.174000002, 115705.258 494126.944999999, 115696.67 494124.945000001, 115696.523 494125.573999999))",128,School De Dijk-West,Adriaan Roggestraat 14,1507 BE,Zaandam
stembureau.26,26,"POLYGON ((115247.596 500112.757000001, 115251.622 500121.228000001, 115255.823 500118.875000003, 115257.032 500121.143000001, 115260.471 500119.310000001, 115271.274 500139.473, 115278.387 500135.641000001, 115281.457 500141.337000001, 115289.008 500137.295, 115264.129 500090.852000001, 115262.71 500091.603000002, 115252.271 500072.107, 115276.068 500059.485, 115276.673 500060.821000001, 115275.952 500063.130000002, 115278.384 500063.917, 115279.092 500061.728, 115280.697 500062.219000004, 115281.926 500061.559000001, 115297.182849642 500090.526108367, 115292.178 500093.146000002, 115292.41 500093.589999999, 115287.782 500096.023, 115287.549 500095.581, 115279.524 500099.789000002, 115283.073 500107.133999998, 115283.425 500106.963, 115284.417 500109.095999999, 115300.888 500100.463000001, 115300.521548253 500099.764439639, 115311.026 500094.254000001, 115280.047 500035.131000002, 115269.467 500040.665, 115272.65 500046.772000002, 115270.767 500047.781000001, 115270.237 500046.326000002, 115246.963 500058.819000003, 115244.926 500055.010000001, 115237.373 500059.056000002, 115239.409 500062.830000003, 115229.611 500068.066000001, 115236.417 500080.760000003, 115237.788 500079.937999999, 115253.63 500109.532, 115247.596 500112.757000001))",401,Evean Acht Staten,Warmoesstraat 48,1521 CK,Wormerveer
stembureau.27,27,"POLYGON ((115895.769608 498759.678112003, 115895.977657 498758.947143003, 115895.895904 498758.923873999, 115901.625551 498738.756410002, 115887.725631 498734.807395001, 115886.744526 498738.260731001, 115880.184148 498736.396905001, 115880.954821 498733.684256, 115876.768 498732.507000003, 115876.108 498734.815, 115873.83 498734.164, 115873.718 498734.556000001, 115872.909767 498734.324759999, 115868.155557 498751.028402002, 115868.064186 498751.002396002, 115867.856137 498751.733365002, 115878.191184 498754.680546002, 115878.136754 498754.867796, 115878.914195 498755.093784001, 115878.990956 498754.829715001, 115884.684839 498756.446850002, 115884.608447 498756.711027002, 115885.386594 498756.936043, 115885.440763 498756.748718002, 115895.769608 498759.678112003))",302,"Wijksteunpunt De Boed, INGANG W. DREESLAAN",Willem Dreeslaan 1,1544 SB,Zaandijk
stembureau.28,28,"POLYGON ((111593.612 498677.988000001, 111588.737 498683.382000002, 111605.785 498698.79, 111610.66 498693.397000002, 111593.612 498677.988000001))",603,Tennisvereniging Overdan,Norbertijnenstraat 9,1566 LK,Assendelft
stembureau.29,29,"POLYGON ((110790.04 497044.970000001, 110815.386 497055.349000002, 110814.628 497057.200000001, 110811.649 497055.98, 110809.633 497060.903000001, 110825.689 497067.477000001, 110827.705 497062.554000003, 110821.55 497060.034, 110822.308 497058.183, 110825.89 497059.65, 110832.275 497062.265000003, 110842.715 497047.352000003, 110838.14 497043.079999999, 110833.76 497038.990000002, 110830.313 497042.681000001, 110829.366 497042.124, 110828.366 497041.865, 110827.333 497041.893000004, 110826.348 497042.204000001, 110825.448 497042.801000001, 110824.529 497043.877000002, 110809.07 497037.580000001, 110807.04 497042.59, 110793.34 497036.989999999, 110790.04 497044.970000001))",601,Kantine vv Assendelft ,Dorpsstraat 253B,1566 BA,Assendelft
stembureau.30,30,"POLYGON ((116786.21 495298.156000003, 116789.619 495282.568000001, 116760.421 495276.188000001, 116760.634 495275.211, 116753.165 495273.586000003, 116752.943 495274.612, 116750.028 495273.966000001, 116749.857611 495274.758611003, 116749.517 495274.685000003, 116748.671 495279.875000002, 116751.588 495280.552000004, 116749.922 495288.253, 116784.057 495295.701000001, 116783.656 495297.588000002, 116786.21 495298.156000003))",114,Buurthuis De Kolk,Klampersstraat 1,1502 VP,Zaandam
stembureau.31,31,"POLYGON ((116688.096 495730.266999999, 116688.394 495726.582000001, 116686.381 495726.418000001, 116686.912 495718.481000004, 116673.096 495717.468999999, 116636.696 495714.821000001, 116634.908 495739.126999998, 116660.04 495740.882000001, 116659.879 495743.418000002, 116685.285 495745.070000003, 116684.95 495730.304000002, 116688.096 495730.266999999))",116,"Sporthal De Struijck, INGANG OOSTZIJDE",Oostzijde 132,1502 BL,Zaandam
stembureau.32,32,"POLYGON ((117803.779705 494854.690868998, 117804.519008 494854.796582003, 117803.991659 494856.029170003, 117803.977937 494856.128224001, 117807.567641 494856.625503003, 117808.551389 494856.752990003, 117809.188085 494856.843088, 117808.663844 494858.070141002, 117808.650412 494858.169235001, 117811.2808 494858.525768001, 117813.215043 494858.788128, 117813.867798 494858.877766002, 117813.342397 494860.108286999, 117813.32873 494860.207348002, 117816.728008 494860.676333002, 117817.89248 494860.826636, 117818.498774 494860.918486001, 117818.014787 494862.148852004, 117818.001072 494862.247907, 117821.171236 494862.686841001, 117822.570133 494862.864843003, 117823.184438 494862.960545999, 117822.692603 494864.185321001, 117822.679179 494864.284416001, 117825.48626 494864.664705003, 117827.25795 494864.881952001, 117828.278492 494865.017703002, 117828.353638 494865.027699, 117828.366824 494864.928572002, 117828.390281 494864.947982003, 117829.772513 494861.787945002, 117833.966778 494863.629058003, 117832.669547 494866.603476, 117834.56873 494867.430418, 117833.953822 494868.853228, 117837.366906 494870.328291002, 117837.339136 494870.392547, 117838.037385 494870.706786002, 117843.998887 494873.797044002, 117844.065618 494873.668312003, 117847.901895 494875.339108, 117848.071351 494874.944702002, 117848.002661 494874.914591001, 117848.514554 494873.746862, 117850.025732 494874.409312001, 117849.995621 494874.478002, 117850.380284 494874.646625002, 117852.122731 494870.671762002, 117853.221927 494871.153182999, 117855.989377 494864.834463002, 117844.821576 494859.958505999, 117845.715256 494857.931419004, 117854.390721 494861.713125001, 117854.475419 494861.766287001, 117867.797297 494840.541832, 117869.442704 494837.920364002, 117882.844129 494840.002269003, 117874.631155 494870.531237001, 117874.727722 494870.557216003, 117883.462014 494874.370361001, 117882.569607 494876.412216002, 117871.377797 494871.534613003, 117868.612308 494877.856669001, 117869.720885 494878.341599999, 117867.972194 494882.317282999, 117868.374955 494882.494436001, 117868.405152 494882.425784001, 117869.915507 494883.090109001, 117869.402165 494884.257201002, 117869.333512 494884.227005, 117869.151062 494884.617551001, 117872.997707 494886.280703001, 117872.950188 494886.412391001, 117879.27498 494888.694663002, 117879.97327 494889.000702001, 117880.001369 494888.936590002, 117883.416585 494890.423855001, 117884.033454 494889.012779001, 117885.944574 494889.836004001, 117887.211752 494886.935479002, 117888.99403 494887.714267001, 117891.381091 494882.251407999, 117895.997215 494871.681030001, 117892.830836 494870.298260001, 117892.821802 494870.294315, 117896.429035 494856.922410998, 117897.726085 494852.114287001, 117897.741747 494852.121115002, 117900.915259 494853.504696, 117901.011796 494853.530782002, 117901.38721 494852.141495, 117907.616832 494854.846222003, 117916.994332 494860.718625001, 117917.107703 494860.749218002, 117920.165498 494849.417680999, 117921.479973 494844.494504, 117920.054188 494844.093925999, 117911.172907 494841.717419998, 117918.241954 494815.406219001, 117920.26332 494816.283807999, 117927.519595 494816.278246001, 117932.672879 494804.458931001, 117932.067928 494804.155077, 117926.973506 494801.517641001, 117926.212127 494801.128622001, 117926.166628 494801.217672001, 117926.021978 494801.535463, 117923.325465 494800.384009001, 117922.655894 494801.952033002, 117920.356738 494800.970257001, 117920.988718 494799.476024999, 117921.034508 494799.387125001, 117914.721379 494796.13539, 117914.675589 494796.22429, 117914.501145 494796.623726001, 117911.999826 494795.522346003, 117912.030198 494795.453771003, 117910.736463 494794.880770001, 117910.560305 494795.278505002, 117910.62888 494795.308877002, 117910.110528 494796.479223999, 117908.60194 494795.824570002, 117908.631947 494795.755834002, 117908.244619 494795.586739002, 117906.563664 494799.452681001, 117905.917728 494799.170207, 117903.090768 494805.634669002, 117903.975446 494806.020121, 117903.096955 494808.026528001, 117902.31779 494807.686819, 117902.213653 494807.658480001, 117897.670239 494824.529533001, 117897.311387 494825.862059001, 117895.243288 494825.809971003, 117895.509787 494824.806211001, 117879.497244 494824.414793, 117876.804289 494828.714693003, 117876.781342 494828.751334, 117874.389461 494827.256912, 117874.442375 494827.172057999, 117873.146873 494826.364202999, 117873.093959 494826.449056, 117866.901817 494822.612866, 117881.840147 494798.760743001, 117881.755396 494798.707664001, 117880.98641 494798.371472002, 117881.857957 494796.369001002, 117882.719353 494796.745295001, 117885.536953 494790.286282999, 117884.89076 494790.004396001, 117886.58014 494786.126130002, 117886.185918 494785.954406004, 117886.155966 494786.023166002, 117884.643254 494785.364225999, 117885.150262 494784.193729001, 117885.21892 494784.223912001, 117885.39209 494783.829992, 117881.590296 494782.179990002, 117881.729919 494781.858150001, 117881.763955 494781.764119998, 117875.077676 494779.343892, 117875.04364 494779.437921002, 117875.03288 494779.462314, 117874.395872 494780.898363, 117872.110614 494779.884660001, 117872.792945 494778.345104004, 117870.759103 494777.458389001, 117870.103686 494777.172639002, 117870.248557 494776.834204002, 117870.283438 494776.740484001, 117870.15223 494776.691652002, 117869.474871 494776.439553, 117864.084201 494774.489101001, 117863.462547 494774.268371002, 117862.94771 494775.429486, 117862.874749 494775.594036001, 117862.397205 494775.203485002, 117858.838517 494772.291386002, 117858.774135 494772.378193, 117858.251856 494773.597756003, 117857.721077 494773.172699001, 117854.18498 494770.254198003, 117854.120361 494770.334893002, 117853.605062 494771.461044001, 117853.567111 494771.543984004, 117853.040222 494771.118689, 117849.500093 494768.217839001, 117849.436712 494768.295187999, 117848.940048 494769.429628, 117848.903197 494769.513799, 117848.381063 494769.090903, 117844.83727 494766.184761002, 117844.773859 494766.262085, 117844.255883 494767.394487002, 117844.219935 494767.473078, 117843.707188 494767.045123002, 117840.13663 494764.133154999, 117840.073428 494764.210651001, 117839.576559 494765.354188999, 117839.542341 494765.432941001, 117839.032949 494765.030228999, 117835.458568 494762.097703001, 117835.39514 494762.175014002, 117835.041163 494763.000592999, 117835.018531 494763.053376999, 117831.768266 494761.631165999, 117831.136894 494763.074077002, 117828.846558 494762.071900001, 117829.423273 494760.720041, 117829.470581 494760.631939001, 117823.187934 494757.258328001, 117823.140626 494757.346430003, 117822.96144 494757.798498999, 117818.880696 494755.994110001, 117818.706804 494756.387380002, 117818.770824 494756.415688, 117818.305762 494757.467456001, 117816.79213 494756.798171004, 117816.820438 494756.734150002, 117816.444692 494756.591279001, 117814.699433 494760.572365999, 117814.015349 494760.284217001, 117811.611014 494765.823080003, 117811.321135 494765.700045999, 117811.233731 494765.651460999, 117810.865748 494766.313466001, 117810.953152 494766.362051004, 117812.065605 494766.838021002, 117811.062528 494769.182447001, 117809.756647 494768.534315003, 117809.669302 494768.485624001, 117808.274571 494770.987581001, 117808.116325 494771.271452002, 117806.038144 494770.358331001, 117805.126992 494769.953239001, 117803.167375 494774.531534001, 117802.707824 494774.334525, 117801.829576 494773.938585, 117799.806753 494778.626987001, 117799.343971 494778.437689998, 117798.434654 494778.047858002, 117796.436025 494782.717329002, 117795.974932 494782.523955002, 117795.071469 494782.126507, 117793.083411 494786.778203998, 117792.610826 494786.614915003, 117791.705502 494786.236085003, 117789.703433 494790.904383999, 117789.245147 494790.704448001, 117788.326763 494790.320466002, 117786.329888 494795.002655, 117785.868872 494794.809097998, 117784.95816 494794.433140001, 117782.934221 494799.178575001, 117782.473291 494798.984813003, 117781.552469 494798.580480001, 117779.559199 494803.263389002, 117779.096491 494803.073913, 117778.192379 494802.704986999, 117776.198284 494807.367865001, 117775.735773 494807.177908002, 117774.825819 494806.798955997, 117772.824886 494811.458004002, 117772.364467 494811.263032001, 117771.46609 494810.870210999, 117769.419221 494815.511318001, 117769.336677 494815.698965001, 117768.245949 494815.227820001, 117766.743606 494818.667943002, 117766.687576 494818.796242, 117768.135523 494819.428578002, 117767.13299 494821.724216003, 117765.783588 494821.131092, 117765.695499 494821.083760002, 117765.608169 494821.246290003, 117762.319576 494827.366674003, 117762.407665 494827.414006, 117762.851309 494827.607030001, 117761.124405 494831.547338001, 117761.068208 494831.675564002, 117761.457465 494831.846161998, 117761.489578 494831.772890001, 117762.542862 494832.234509, 117761.88054 494833.745743001, 117761.807268 494833.713630002, 117761.642587 494834.109039, 117761.805627 494834.180496002, 117764.823137 494835.503013001, 117765.633704 494835.858269002, 117765.338227 494836.544868003, 117770.572662 494838.832398, 117770.875048 494838.964546, 117770.747096 494839.233165, 117770.698073 494839.320325001, 117771.272449 494839.643387002, 117771.359608 494839.692409999, 117771.408632 494839.605250999, 117771.903022 494838.505955999, 117774.228653 494839.551872, 117773.769271 494840.573326002, 117773.71911 494840.550767001, 117773.618948 494840.832525, 117773.570239 494840.91986, 117773.717096 494841.001765, 117774.293508 494841.323245002, 117776.433001 494842.488359, 117775.872714 494843.755672999, 117775.859199 494843.854756003, 117779.858079 494844.400232003, 117780.407 494844.495854001, 117781.087093 494844.566878, 117780.549724 494845.801768999, 117780.536161 494845.900844999, 117784.606438 494846.458066001, 117785.094309 494846.528067, 117785.7745 494846.612903, 117785.22233 494847.838899, 117785.208619 494847.937955, 117789.455042 494848.525752002, 117789.769582 494848.563963001, 117790.423799 494848.659954, 117789.890314 494849.881584, 117789.876866 494849.980676, 117794.14479 494850.559870001, 117794.444623 494850.607294001, 117795.103415 494850.690962001, 117794.568882 494851.926071004, 117794.555559 494852.025180001, 117798.154104 494852.508913001, 117799.113755 494852.643780003, 117799.765226 494852.728005, 117799.242359 494853.960278, 117799.228503 494854.059314003, 117802.559396 494854.525325004, 117803.779705 494854.690868998))",110,Evean Het Erasmushuis,Noorderven 79,1504 AL,Zaandam
stembureau.33,33,"POLYGON ((115056.219 496810.440000001, 115056.202 496789.410000001, 115051.65 496789.440000002, 115051.65 496787.920000002, 115031.49 496787.94, 115031.51 496795.13, 115017.138 496795.107000002, 115017.14 496810.180000001, 115018.67 496810.18, 115018.68 496814.330000001, 115017.15 496814.340000001, 115017.21 496834.18, 115039.41 496834.139999998, 115039.39 496822.170000001, 115053.654 496822.162000002, 115053.54 496810.459999998, 115056.219 496810.440000001))",203,Wijkcentrum De Vuister,Molenwerf 44,1541 WR,Koog aan de Zaan
stembureau.34,34,"POLYGON ((117776.184814365 494188.610264494, 117780.138685 494180.708709002, 117780.839866 494180.910128001, 117784.983 494172.587000001, 117783.628 494171.907000004, 117775.72 494167.94, 117771.582 494165.866000002, 117763.688 494161.907000002, 117762.303 494161.213000002, 117758.122 494169.547, 117758.859 494170.102999998, 117759.502 494170.589000003, 117763.731806656 494173.783775189, 117764.643 494174.471999998, 117764.466430471 494174.823995422, 117760.32 494183.090000002, 117757.447998612 494181.653002778, 117757.356 494181.813000001, 117757.947 494182.108000003, 117757.276017651 494183.448601606, 117755.978 494186.042000002, 117755.401 494185.753000001, 117755.33 494185.895000002, 117758.199 494187.329999999, 117754.663057042 494194.396942848, 117753.907 494195.908000001, 117747.699 494194.179999999, 117746.944 494193.969999999, 117746.047 494193.720000001, 117741.897 494202.011999999, 117743.266 494202.696999998, 117751.189 494206.662000003, 117751.293532487 494206.714291544, 117755.321 494208.729000001, 117763.227 494212.685000001, 117764.542 494213.343000001, 117766.92 494208.690000002, 117768.73 494205.05, 117770.6 494205.69, 117799.524 494213.305999999, 117803.608 494197.805000001, 117777.872 494191.025000001, 117777.807 494190.991999998, 117776.304234372 494190.238639862, 117776.891095 494189.048025, 117776.881849031 494189.043266304, 117776.155268 494188.669310999, 117776.184814365 494188.610264494))",101,De Kernschool,Wibautstraat 73,1505 CB,Zaandam
stembureau.35,35,"POLYGON ((112225.871 501555.292000001, 112225.763 501555.038000001, 112225.571 501555.120000002, 112221.12 501544.679999998, 112223.609 501543.618, 112223.699 501543.579999999, 112223.602 501543.352000002, 112223.42 501543.430000003, 112220.464 501536.530000003, 112220.56 501536.489000001, 112220.479 501536.299000002, 112220.387 501536.339000002, 112217.424 501529.422, 112217.523 501529.378999998, 112217.446 501529.200000002, 112217.353 501529.240000002, 112214.389 501522.322000001, 112214.492 501522.278, 112214.408 501522.082000001, 112214.316 501522.121, 112211.353 501515.206000002, 112211.55 501515.122000002, 112211.451 501514.891000001, 112200.792 501519.456999997, 112200.896 501519.698000001, 112201 501519.654, 112202.749 501523.736000001, 112200.509 501524.695000001, 112207.76 501541.620000001, 112205.74 501546.640000001, 112203.16 501547.73, 112203.583 501548.724000003, 112200.759 501549.927000001, 112199.622 501547.259000001, 112194.691 501549.359000003, 112192.763 501544.833000002, 112187.915 501546.898000003, 112189 501549.445999998, 112190.141 501548.96, 112190.975 501550.92, 112189.724 501551.453000002, 112195.69 501565.420000002, 112200.218 501576.039, 112204.903 501574.042000001, 112206.748 501578.370000001, 112204.384 501579.379000002, 112207.687 501587.124999999, 112214.589 501584.181, 112214.719 501584.486000003, 112215.107 501584.321000003, 112214.973 501584.007000002, 112221.881 501581.061, 112219.28 501574.967000004, 112231.977 501569.553000002, 112231.863 501569.296000001, 112231.66 501569.383000001, 112228.709 501562.464000001, 112228.797 501562.426999998, 112228.722 501562.250000001, 112228.622 501562.292000004, 112225.673 501555.377000003, 112225.871 501555.292000001))",503,"School De Hoeksteen, INGANG SNUIVERSTRAAT",Braillestraat 2,1561 JP,Krommenie
stembureau.36,36,"POLYGON ((114933.741 496851.541, 114926.343 496851.792000001, 114926.938 496868.659000002, 114927.239 496868.648000002, 114927.362 496872.167000002, 114928.161 496872.139000002, 114928.843 496872.804000001, 114928.871 496873.583000002, 114938.638 496873.243, 114938.61 496872.452000002, 114939.233 496871.751000001, 114940.062 496871.722000002, 114939.934 496868.185999999, 114940.235 496868.174000001, 114939.971 496861.271000002, 114939.671 496861.282000001, 114939.235 496848.358, 114933.642 496848.543, 114933.741 496851.541))",205,Dr. M.J. Prinsenstichting,Westerkoogweg 62,1541 VZ,Koog aan de Zaan
stembureau.37,37,"POLYGON ((116030.892035 494760.578328003, 116036.331044 494762.578373002, 116051.699654 494768.371340001, 116051.653956 494768.492203001, 116052.102934 494768.661962004, 116057.63264 494754.037040002, 116057.183661 494753.867281004, 116057.119852 494754.036043, 116041.76277 494748.224953002, 116046.535273 494735.615526003, 116063.735244 494742.107992002, 116063.541121 494742.620400999, 116063.98999 494742.790452002, 116069.799379 494727.455882002, 116069.35051 494727.285832002, 116069.159716 494727.789455001, 116051.9636 494721.289367003, 116056.733251 494708.680461002, 116074.763127 494715.507097, 116074.641792 494715.827023003, 116075.090598 494715.997238001, 116080.769368 494701.023975002, 116080.320562 494700.853761, 116080.198349 494701.176001001, 116062.150893 494694.357128003, 116066.922414 494681.753071002, 116085.722051 494688.855931002, 116085.47686 494689.504771001, 116085.92587 494689.674447, 116091.818513 494674.080943001, 116091.369503 494673.911266001, 116091.135603 494674.530228004, 116086.76132 494672.874721, 116099.548624 494647.096709999, 116099.723483 494647.183387001, 116099.930001 494646.766763001, 116093.591418 494643.624757001, 116097.204685 494630.058961002, 116083.191977 494626.264971001, 116083.681619 494624.429147001, 116069.108319 494620.542224999, 116068.935544 494621.184821001, 116064.180613 494619.915496, 116063.970508 494620.707160001, 116056.587185 494618.742633002, 116056.436071 494619.297879002, 116054.307731 494618.708972, 116048.780045 494639.360205001, 116048.159858 494639.200917001, 116046.404754 494645.652686, 116049.415794 494646.471793003, 116048.632208 494649.364399, 116049.282865 494649.542254001, 116043.297249 494671.855302, 116042.194897 494671.439237, 116042.411284 494670.865927001, 116041.962259 494670.696289, 116036.13973 494686.108331, 116036.588754 494686.277968001, 116036.774422 494685.786532002, 116050.905102 494691.112925002, 116046.139325 494703.693185001, 116032.873444 494698.685128001, 116033.068859 494698.167603999, 116032.619805 494697.998043001, 116026.819294 494713.359712, 116027.268347 494713.529273001, 116027.464523 494713.009734998, 116040.729353 494718.031856999, 116035.953415 494730.644220001, 116022.410039 494725.505280999, 116022.600785 494725.000796002, 116022.151806 494724.831037001, 116016.352045 494740.170291, 116016.801024 494740.34005, 116016.994627 494739.828006001, 116030.53399 494744.963083001, 116028.941112 494749.425702, 116028.779869 494749.364353003, 116025.319864 494758.458254001, 116030.892035 494760.578328003))",133,Stadhuis van Zaanstad,Stadhuisplein 100,1506 MZ,Zaandam
stembureau.38,38,"POLYGON ((114206.123 500888.643, 114205.14406 500890.215992999, 114205.218726 500892.067223998, 114206.321167 500893.556269002, 114208.07 500894.168000001, 114209.144 500897.202, 114210.597011 500896.696032002, 114211.388 500898.962000003, 114220.32 500895.851999998, 114219.531903 500893.584722, 114234.733122 500888.291350001, 114235.523 500890.558, 114244.494 500887.432999999, 114243.70505 500885.167143002, 114245.216 500884.641, 114244.206 500881.740000999, 114245.252168 500880.107102998, 114245.186971 500878.168916, 114244.033438 500876.610012002, 114242.199 500875.981, 114241.176 500873.042999998, 114205.035 500885.56, 114206.123 500888.643))",402,Buurtcentrum De Lorzie,Marktplein 3,1521 HS,Wormerveer
stembureau.39,39,"POLYGON ((113891.851 501308.804, 113882.618 501311.841000001, 113886.629 501324.088, 113900.418 501319.572000001, 113897.365 501310.358000003, 113892.885 501311.842999999, 113891.851 501308.804))",404,Clubgebouw Zwemvereniging De Ham,Noordsterweg 4,1521 JS,Wormerveer
stembureau.40,40,"POLYGON ((111362.548 497824.757999999, 111362.591 497830.458000001, 111362.656621 497836.337606999, 111362.711 497836.337000001, 111362.72 497836.750000001, 111382.172 497836.379, 111382.075 497835.125000004, 111390.419 497834.949, 111390.449 497836.519999998, 111390.271 497836.518, 111390.86 497864.233000001, 111391.513 497864.236000002, 111391.585248 497868.220415005, 111398.943 497868.087000001, 111405.331 497867.950000001, 111405.245 497863.949999997, 111406.06 497863.970000001, 111405.4 497832.740000003, 111428.79 497832.31, 111428.75 497831.300000002, 111431.36 497831.240000001, 111431.12 497818.750000001, 111404.63 497819.270000001, 111404.68 497820.540000001, 111398.36 497820.690000001, 111398.42 497823.21, 111396.82 497823.24, 111396.08 497785.610000002, 111387.66 497785.780000001, 111387.66 497784.890000001, 111384.69 497784.929999999, 111384.7 497785.830000001, 111380.85 497785.910000003, 111381.637 497824.880000004, 111374.343 497825.078000004, 111374.274 497821.405000001, 111362.548 497824.757999999))",604,Evean Festina Lente,Beemsterstraat 25,1566 WP,Assendelft
stembureau.41,41,"POLYGON ((115110.573092 495675.924978, 115109.187556 495675.49744, 115109.022428 495674.747139002, 115109.117749 495674.441665001, 115104.530877 495673.010360001, 115104.435556 495673.315833004, 115103.609682 495674.503427002, 115102.774817 495675.875828001, 115102.196254 495677.345907, 115101.849367 495678.921400001, 115101.710449 495680.519013, 115101.717997 495682.016355, 115101.625061 495682.322562001, 115106.313562 495683.745567002, 115106.406499 495683.439360002, 115106.948008 495682.845298002, 115107.100842 495682.892646003, 115107.124516 495682.816229002, 115111.835025 495684.275561001, 115104.813 495707.026000001, 115092.769 495703.333000001, 115091.679 495706.864000001, 115090.95 495706.816000001, 115090.285 495707.038000004, 115089.715 495707.490000004, 115089.343 495708.118000002, 115089.282 495708.853000002, 115089.486 495709.544000001, 115089.97 495710.113000002, 115090.48 495710.492000003, 115089.878 495712.430000001, 115088.17 495711.900000001, 115079.49 495739.870000001, 115096.93 495745.27, 115096.54 495746.52, 115097.43 495746.810000001, 115095.32 495753.670000002, 115114.13 495759.500000002, 115116.26 495752.620000003, 115117.16 495752.890000001, 115117.55 495751.650000003, 115136.12 495757.4, 115137.25 495753.782000001, 115137.832 495753.962000002, 115138.578 495754.057000003, 115139.269 495753.852000001, 115139.825 495753.375, 115140.178 495752.741000001, 115140.248 495752.009000003, 115140.056 495751.311000002, 115139.626 495750.738000001, 115138.955 495750.405000001, 115138.324 495750.209999999, 115138.949 495748.226000001, 115140.105 495748.584000001, 115148.75 495720.660000001, 115132.773 495715.682999999, 115139.673 495693.334000002, 115148.977 495696.249, 115147.664 495700.500000001, 115155.117 495702.801000002, 115158.434 495692.009, 115158.976 495692.179000002, 115159.862 495689.303000003, 115159.318 495689.133, 115162.468 495679.022000002, 115155.009 495676.74, 115153.84 495680.492000002, 115134.22 495674.38, 115135.08 495671.510000001, 115134.263 495671.256, 115133.842 495670.792, 115133.345 495670.335999999, 115132.778 495669.941999999, 115132.188 495669.655000001, 115131.167 495669.341000003, 115130.509 495669.242000003, 115129.821 495669.239000002, 115129.144 495669.333000002, 115128.551 495669.494000002, 115127.72 495669.240000002, 115126.824 495672.112000002, 115113.067073 495667.842652, 115110.573092 495675.924978))",130,obs Het Eiland,P.A. van Meverstraat 1,1507 XE,Zaandam
stembureau.42,42,"POLYGON ((117405.291 494614.039000001, 117400.337 494619.696999999, 117396.574 494616.423000001, 117386.537 494627.877, 117394.24 494634.601000004, 117395.884 494632.718, 117416.577 494650.835, 117424.963 494641.257000001, 117423.067 494639.597000003, 117428.02 494633.939000002, 117422.212 494628.854000002, 117420.565 494630.735000001, 117409.452 494621.005000002, 117411.099 494619.124000001, 117405.291 494614.039000001))",111,Dependance Herman Gorterschool,Burgemeester Smitstraat 2A,1501 RP,Zaandam
stembureau.43,43,"POLYGON ((116429.4 494384.070000002, 116429.37 494384.369999999, 116437.64 494385.62, 116437.72 494385.150000001, 116442.09 494385.81, 116441.52 494389.490000002, 116441.21 494391.490000003, 116448.54 494392.620000001, 116448.49 494392.94, 116449.03 494393.010000001, 116449.1 494392.67, 116456.44 494393.82, 116457.7 494385.550000002, 116456.71 494385.4, 116458.22 494375.460000001, 116472.65 494377.649999999, 116471.96 494382.159999998, 116481.75 494383.61, 116483.177 494374.127, 116484.275 494374.292, 116486.695 494358.183, 116478.982 494357.025000001, 116478.464 494360.476000002, 116470.82 494359.330000004, 116470.87 494358.99, 116470.34 494358.91, 116470.28 494359.24, 116462.546 494358.065000001, 116462.597 494357.729, 116461.945 494357.629000002, 116461.894 494357.965000001, 116454.241 494356.805000001, 116453.641 494360.762000001, 116446.49 494359.690000001, 116446.54 494359.340000001, 116445.99 494359.260000003, 116445.94 494359.610000002, 116438.62 494358.490000002, 116429.149 494357.022000003, 116427.678 494366.67, 116432.295 494367.374, 116432.016 494369.203, 116431.67 494369.150000001, 116430.51 494376.519999999, 116430.21 494376.44, 116430.14 494376.990000002, 116430.46 494377.040000001, 116429.4 494384.070000002))",124,School De Dijk-Oost,Hogendijk 81,1506 AE,Zaandam
stembureau.44,44,"POLYGON ((112843.623 501299.719000002, 112849.83 501297.260000002, 112853.44 501295.830000003, 112853.89 501296.980000001, 112858.08 501295.290000001, 112857.62 501294.14, 112857.72 501294.130000001, 112855.99 501289.720000001, 112857.13 501289.230000001, 112855.47 501285.040000002, 112854.31 501285.490000002, 112854.27 501285.390000002, 112853.36 501285.75, 112852.99 501285.570000001, 112850.95 501286.370000002, 112850.78 501286.770000001, 112840.11 501290.980000002, 112843.623 501299.719000002))",501,"St. Petrusparochie, INGANG KERK",Snuiverstraat 2,1561 HD,Krommenie
stembureau.45,45,"POLYGON ((116449.175 495722.773, 116438.655 495724.429, 116438.631 495724.291000002, 116428.735 495726.002000003, 116428.83 495726.554000003, 116426.958 495726.878000002, 116426.723 495725.518000003, 116422.542 495726.242, 116422.498 495725.987000003, 116408.942 495728.332000001, 116404.47 495729.130000001, 116404.556 495729.569000002, 116405.05 495729.480000002, 116406.402639 495736.262658001, 116405.919108 495736.346198001, 116405.994017 495736.779775001, 116411.856 495735.767000002, 116412.101 495737.182, 116441.255 495732.148000001, 116449.036 495730.920000004, 116448.821 495729.303000002, 116450.098 495729.117000001, 116449.175 495722.773))",126,Het Tolhuys,Westzijde 216,1506 GG,Zaandam
stembureau.62,62,"POLYGON ((115207.797537 495811.218811002, 115202.68 495830.349999999, 115188.17 495838.760000002, 115190.22 495842.220000003, 115183.75 495866.41, 115181.71 495865.86, 115174.99 495891.080000002, 115189.49 495894.94, 115191.73 495898.740000001, 115191.24894 495900.537490002, 115193.73 495901.200000001, 115197.74 495885.97, 115197.18 495885.83, 115202.41 495866.180000002, 115200.47 495865.67, 115201.75 495860.860000001, 115207.78 495857.380000002, 115211.24 495858.300000002, 115213.85 495848.530000003, 115214.33 495848.680000003, 115219.759 495828.330000001, 115219.17 495828.169999999, 115220.31 495823.890000002, 115221.67 495824.250000002, 115223.33 495818.06, 115213.78 495815.500000002, 115213.6 495816.179999999, 115212.805709 495815.967244002, 115213.659598 495812.834005001, 115207.797537 495811.218811002))",131,"Evean Westerwatering, HOOFDINGANG",Elsbroekplantsoen 1,1507 KL,Zaandam
stembureau.46,46,"POLYGON ((117124.072221 495216.667663001, 117131.032 495222.192, 117129.793 495224.921999999, 117142.519 495230.49, 117142.475 495230.591000002, 117148.83 495233.330000001, 117149.229 495233.497999999, 117186.825 495249.731, 117195.294 495253.377000002, 117195.332263 495254.571636999, 117196.193658 495255.400263002, 117197.38888 495255.392187998, 117198.239 495254.552000003, 117198.769 495252.963000003, 117201.516 495253.905000002, 117201.6 495253.659000002, 117236.065 495265.484000001, 117235.992 495265.692, 117236.498 495265.868000004, 117236.571 495265.660000003, 117238.614 495266.362, 117242.985 495267.879000002, 117242.401 495269.602000002, 117253.149 495273.244000002, 117266.117 495235.327, 117255.406 495231.669000003, 117253.65 495236.583999999, 117250.309 495234.611000001, 117251.92 495231.881000002, 117249.447 495230.421000003, 117251.080564 495227.387197003, 117205.435596 495200.988968, 117204.213322 495203.106007002, 117170.234236 495183.474792001, 117169.819952 495184.194657, 117165.591 495181.748000001, 117166.782 495179.593000001, 117157.459 495174.177999999, 117152.95 495180.083000002, 117156.323644 495182.675801002, 117136.129043 495208.904424, 117132.247344 495206.038375, 117124.072221 495216.667663001), (117147.729 495219.543, 117160.444 495202.908000001, 117164.091 495198.184000002, 117165.13 495196.839000001, 117168.709 495198.888, 117167.958 495200.187000001, 117193.517 495214.974000002, 117196.382 495216.632000001, 117195.996 495217.298000003, 117197.07 495217.919000003, 117196.37824 495222.228789, 117197.061896 495226.539871001, 117199.053089 495230.424193002, 117202.15411 495233.496079002, 117206.057056 495235.450516003, 117210.374399 495236.093447002, 117214.677466 495235.361033999, 117218.539 495233.326000002, 117220.698 495234.586000002, 117223.484 495236.212, 117226.412 495231.148000003, 117244.429 495241.578999998, 117239.812 495255.033000002, 117239.594 495254.959000002, 117202.214 495242.156000002, 117201.556 495244.076000002, 117197.81 495242.754000001, 117198.353 495241.496000004, 117154.024 495222.367999999, 117154.072 495222.257999998, 117147.729 495219.543))",115,"Hervormd Centrum Pennemes, INGANG BLOEMGRACHT",Pennemes 7,1502 WV,Zaandam
stembureau.47,47,"POLYGON ((112424.636799 499873.988811, 112443.442285 499856.390091004, 112418.560811 499829.840467, 112417.089747 499831.238294, 112411.780113 499825.580142003, 112391.15564 499844.892377001, 112400.122403 499854.340609001, 112404.478366 499850.252243999, 112410.402703 499856.561810999, 112409.28629 499857.608005002, 112424.636799 499873.988811))",609,ICB De Octant,Blauwe Ring 90A,1566 MZ,Assendelft
stembureau.48,48,"POLYGON ((115463.674 495695.637000002, 115462.86 495693.928, 115459.985 495692.898000001, 115454.095 495709.146, 115458.254 495710.651999999, 115459.717 495706.598000001, 115470.494 495710.489000002, 115469.032 495714.543000001, 115475.468 495716.865000003, 115476.938 495712.822, 115488.214 495716.908000001, 115488.725 495715.499000001, 115491.096 495716.358000001, 115490.585 495717.766999999, 115490.975 495717.916999999, 115491.353 495717, 115494.421332 495718.125336001, 115497.687465 495718.24119, 115500.82782 495717.336084, 115503.53128 495715.499689002, 115505.530012 495712.913937002, 115506.626 495709.834999998, 115507.549 495710.158, 115507.691 495709.754999999, 115506.288 495709.253, 115507.144 495706.864000001, 115508.544 495707.368999998, 115512.627 495696.055999998, 115516.676 495697.532000001, 115519.021 495691.098000001, 115514.967 495689.635000001, 115518.854 495678.863999999, 115522.909 495680.324000001, 115525.232 495673.874000002, 115521.179 495672.408999999, 115525.073 495661.657, 115529.129 495663.115, 115531.447 495656.670000002, 115527.391 495655.211000002, 115529.41 495649.667, 115519.066 495645.935, 115517.047 495651.538000004, 115516.456 495651.322000003, 115514.691 495652.121, 115513.346 495655.945000001, 115514.148 495657.655999999, 115514.74 495657.871, 115511.072 495667.999000002, 115507.657 495666.762000003, 115505.929 495667.57, 115504.028 495672.821, 115504.812 495674.581000003, 115508.25 495675.832000004, 115504.595 495685.962000001, 115504.008 495685.750000002, 115502.25 495686.560000002, 115500.892 495690.316000001, 115501.751 495692.081000003, 115502.345 495692.293000004, 115498.319 495703.223, 115497.759 495702.929000003, 115491.739 495705.749000003, 115491.508 495706.397000002, 115480.614 495702.470999999, 115480.827 495701.878000002, 115480.054 495700.163000003, 115476.236 495698.781, 115474.516 495699.613000001, 115474.312 495700.195, 115463.395 495696.264000003, 115463.674 495695.637000002))",129,Buurthuis De Zeskanter,Nieuwendamstraat 2 E,1507 JE,Zaandam
stembureau.49,49,"POLYGON ((111740.864 501031.408000002, 111737.614 501033.519, 111745.538 501045.6, 111724.696 501059.271000001, 111723.378 501057.265, 111711.151 501065.293000003, 111712.468 501067.300000001, 111688.396 501083.084000002, 111697.726 501097.314999999, 111700.745 501095.334999999, 111702.716 501098.336000002, 111735.212 501077.018000002, 111754.044 501064.649, 111752.067 501061.640000001, 111754.872 501059.804000003, 111757.516 501063.840000002, 111767.783 501057.114000002, 111747.878 501026.792000001, 111744.641 501028.912000001, 111745.627 501030.417999999, 111741.844 501032.918000001, 111740.864 501031.408000002))",607,School Het Koraal,Kreekrijklaan 2,1567 LP,Assendelft
stembureau.50,50,"POLYGON ((112563.478 502180.541, 112564.365 502182.967, 112605.603 502167.935000003, 112599.717 502151.857000003, 112565.981 502164.163000003, 112565.652 502163.250000001, 112565.417 502163.334000002, 112564.73 502161.479000001, 112564.965 502161.394000001, 112563.818 502158.235000003, 112553.77 502130.606000002, 112550.968 502122.926000001, 112549.465 502123.474000001, 112543.439 502106.864000001, 112539.684 502096.466000001, 112536.063 502097.772999999, 112535.231 502095.468999998, 112540.335 502093.642000003, 112541.757 502093.133000004, 112536.579 502078.916000003, 112535.574 502079.282000001, 112533.407775 502076.627282002, 112530.587109 502074.682054004, 112527.335846 502073.600689001, 112523.912 502073.469000001, 112521.361741 502075.771058001, 112519.551092 502078.690792001, 112518.622494 502081.998509999, 112518.649 502085.434000001, 112517.651 502085.794000001, 112520.344 502093.240000003, 112522.6645 502099.59, 112524.036 502099.043000001, 112526.494 502105.727, 112527.198 502105.469000001, 112528.186 502108.229999999, 112527.482 502108.488000001, 112528.95 502112.489000002, 112529.654 502112.230000001, 112530.65 502114.982000001, 112529.945 502115.238000001, 112531.404 502119.261000001, 112532.109 502119.005000001, 112533.108 502121.760000002, 112532.404 502122.031, 112533.892 502125.986, 112534.6 502125.739, 112535.572 502128.524000001, 112534.864 502128.771000005, 112535.004 502129.167, 112535.193 502129.703000001, 112542.163 502148.887000003, 112554.829 502183.700999999, 112563.478 502180.541))",507,Evean Rosariumhorst,Rosariumpark 2,1561 TV,Krommenie
stembureau.51,51,"POLYGON ((115238.434 498961.997000002, 115236.331 498964.303000002, 115231.364 498968.858000002, 115226.042 498972.992, 115220.387 498976.679000002, 115214.463 498979.892000001, 115213.82 498980.17, 115211.993 498984.369000002, 115206.706 498986.384999999, 115202.554 498984.548000001, 115201.823 498984.792000002, 115195.354 498986.418000001, 115188.694 498987.517000002, 115181.97 498988.077000002, 115175.221 498988.067999999, 115172.049 498987.799000002, 115171.186 498997.979000001, 115172.744 498998.152000003, 115172.699 499000.11, 115172.671491 499001.309685, 115173.305817 499001.324606, 115173.303057 499001.444987001, 115180.079494 499001.618652001, 115184.587 499001.391000003, 115187.201 499001.233000002, 115194.357 499000.284000003, 115194.125 498998.974000001, 115197.703 498998.340000001, 115199.873 499003.881000002, 115201.876 499003.097000003, 115203.676 499006.309000001, 115201.565 499011.068000002, 115193.967 499028.352000001, 115204.068 499032.810000001, 115202.38 499036.653000001, 115206.547 499038.482000002, 115215.857 499017.356000001, 115219.527 499015.949, 115225.394 499030.983000002, 115223.788 499034.623000003, 115226.788 499042.369, 115219.627 499058.683000002, 115213.021 499055.797999999, 115212.474 499057.054000001, 115211.11 499057.578999999, 115209.853 499057.032, 115208.539 499060.054000003, 115205.784 499058.853000002, 115201.319 499068.989000002, 115202.569 499069.550000003, 115203.092 499070.901000001, 115202.543 499072.157000001, 115205.626 499073.500000003, 115204.816 499075.356000001, 115206.65 499076.163, 115205.311 499079.273000004, 115206.574 499079.816000001, 115207.092 499081.168999999, 115206.547 499082.429, 115216.701 499086.897, 115217.903 499084.158000003, 115220.926 499085.493000001, 115221.485 499084.228000001, 115222.841 499083.712000003, 115224.093 499084.266000002, 115228.449 499074.390999998, 115237.217 499078.243, 115232.871 499088.119, 115234.125 499088.67, 115234.656 499090.037999999, 115234.103 499091.292000002, 115237.133 499092.628000001, 115235.928 499095.368999999, 115246.076 499099.826, 115246.623 499098.558000001, 115247.979 499098.037000002, 115249.231 499098.591999999, 115250.604 499095.500000003, 115252.467 499096.320000002, 115253.25 499094.466999999, 115256.353 499095.831000002, 115256.903 499094.580000001, 115258.259 499094.058000001, 115259.513 499094.586999999, 115263.978 499084.450000002, 115261.239 499083.250000001, 115262.566 499080.212000001, 115261.312 499079.663000003, 115260.771 499078.308000001, 115261.326 499077.055000001, 115251.479 499072.694000001, 115255.342 499063.907000002, 115265.216 499068.271000001, 115265.77 499067.018000004, 115267.114 499066.468, 115268.364 499067.031000003, 115269.72 499064.014, 115272.449 499065.218999999, 115276.917 499055.070000004, 115275.668 499054.521999998, 115275.131 499053.163000002, 115275.684 499051.910999999, 115272.589 499050.543000003, 115273.395 499048.702, 115271.559 499047.889000001, 115272.93 499044.791000002, 115271.679 499044.240000001, 115271.142 499042.891000001, 115271.682 499041.628, 115261.543 499037.151000001, 115260.339 499039.901000002, 115257.313 499038.575, 115256.763 499039.829999999, 115255.411 499040.353999999, 115254.159 499039.802000002, 115251.252 499046.384999999, 115234.956 499039.196000001, 115232.52 499032.885000001, 115233.797 499029.943000002, 115231.059 499028.727, 115228.312 499029.791000002, 115222.475 499014.810000001, 115226.175 499013.369000004, 115234.634 499017.121000005, 115237.676 499010.233000003, 115240.932 499002.842, 115229.938 498997.992000001, 115225.873 498987.526000003, 115226.524 498987.155000003, 115229.835 498985.114000001, 115235.539 498981.115, 115240.925 498976.684, 115246.278 498971.533000002, 115244.845 498970.168000001, 115245.995 498968.910999999, 115238.434 498961.997000002), (115260.381 499046.170000003, 115269.52 499050.205000001, 115265.495 499059.349, 115256.356 499055.314000001, 115260.381 499046.170000003), (115234.979 499057.597000003, 115234.316 499055.869000001, 115235.606 499052.940000002, 115248.236 499058.498999997, 115245.001 499065.831000002, 115243.281 499066.502999999, 115243.948 499068.218000001, 115242.682 499071.137000002, 115235.365 499067.934000001, 115234.694 499066.205999999, 115232.952 499066.867000002, 115230.034 499065.586000001, 115233.256 499058.272000001, 115234.979 499057.597000003), (115212.728 499064.719000002, 115221.872 499068.742000002, 115217.845 499077.884999999, 115208.701 499073.861, 115212.728 499064.719000002), (115245.808 499079.285000002, 115254.955 499083.302000002, 115250.933 499092.435000002, 115241.785 499088.418000002, 115245.808 499079.285000002))",304,Evean Guisveld,George Gershwinstraat 207,1544 NX,Zaandijk
stembureau.52,52,"POLYGON ((116027.907 494369.031999999, 116025.463 494371.158000003, 116025.046 494371.521, 116025.433 494371.912000001, 116030.415 494377.619, 116031.06 494378.342, 116031.876 494379.242, 116031.712 494379.713000002, 116032.013 494379.82, 116037.168 494365.058999999, 116037.86 494363.077000002, 116039.121 494359.467000003, 116038.818 494359.363999999, 116038.712 494359.678000004, 116035.017 494362.889000001, 116034.52 494363.321, 116033.713 494362.392999999, 116034.195 494361.977000001, 116022.698 494348.906000001, 116015.152 494355.398000002, 116026.646 494368.477000002, 116027.082 494368.093000003, 116027.907 494369.031999999))",132,Kazerne Brandweer Houtveldweg,Westzanerdijk 74-76,1507 AJ,Zaandam
stembureau.53,53,"POLYGON ((117590.64 496344.180000001, 117588.481 496335.583999998, 117581.891 496337.204, 117581.267 496334.665999998, 117558.563 496340.247, 117549.656 496303.931, 117549.108 496301.698000001, 117529.51 496306.504, 117530.067 496308.773999999, 117537.922 496340.812, 117533.894001 496341.858000001, 117531.704569 496339.506792003, 117528.83638 496338.059284002, 117525.64439 496337.694614999, 117522.523627 496338.457914999, 117519.860306 496340.254721003, 117517.98403 496342.862666003, 117517.127 496345.959000003, 117513.047 496346.952999999, 117505.202 496314.849000003, 117504.65 496312.592000002, 117485.03 496317.389, 117485.599 496319.706000001, 117494.514 496356.032000002, 117489.47 496357.223, 117488.211 496354.506000001, 117486.187 496355.443000002, 117484.089785 496353.788612002, 117481.479825 496353.219905001, 117478.884436 496353.851781, 117476.827985 496355.556575, 117475.725956 496357.989854, 117475.801 496360.659999998, 117466.37 496362.875000003, 117464.824 496356.572000002, 117463.707 496356.846, 117460.043 496341.966000003, 117415.733 496352.848999998, 117419.443 496368.001000001, 117419.95 496370.100000002, 117423.728 496385.483000001, 117424.809 496385.217000002, 117428.482 496400.172000002, 117446.02 496395.87, 117472.912 496389.264999999, 117469.783 496376.528000002, 117481.999 496373.527000002, 117509.279 496366.827000002, 117520.278 496364.125000004, 117529.741 496402.652000001, 117531.683179 496402.174568003, 117532.87583 496407.030243001, 117531.419127 496407.388037999, 117532.373248 496411.272578999, 117531.88768 496411.391843999, 117532.12621 496412.362979, 117534.06848 496411.885919, 117534.831777 496414.993551, 117540.342598 496413.639983002, 117560.351 496408.634999999, 117572.62956495 496405.546485558, 117567.748 496387.093000001, 117558.784 496389.301999999, 117547.703114725 496392.142022383, 117540.439 496362.569000001, 117559.089 496357.988, 117561.419 496367.471000001, 117581.21 496362.609999999, 117578.126 496349.920999999, 117585.701 496348.080000002, 117585.082 496345.531000001, 117590.64 496344.180000001), (117545.487 496321.628000002, 117546.467 496325.066000002, 117542.846 496326.099000001, 117541.866 496322.660000003, 117545.487 496321.628000002), (117500.991 496332.578000004, 117501.835 496335.853000001, 117498.198 496336.789999999, 117497.354 496333.516000002, 117500.991 496332.578000004), (117452.296 496358.604000003, 117457.098 496379.295000001, 117437.272 496383.894, 117432.47 496363.203000001, 117452.296 496358.604000003))",108,"Evean Oostergouw, HOOFDINGANG",Koningin Julianaweg 10,1502 DZ,Zaandam
stembureau.54,54,"POLYGON ((118520.073 495190.764, 118518.776 495191.412000003, 118520.139 495194.140999999, 118521.423 495193.475000001, 118524.41 495199.410000001, 118534.67 495201.249999999, 118537.17 495206.160000001, 118541.24 495200.409999999, 118549.67 495196.13, 118546.69 495192.660000001, 118551.66 495185.630000003, 118536.083 495167.533999999, 118532.11 495169.560000001, 118513.98 495178.690000002, 118520.073 495190.764))",106,JerehSalem,Galjoenstraat 1,1503 RD,Zaandam
stembureau.55,55,"POLYGON ((115864.622 494828.392000001, 115868.552 494829.829, 115870.685 494823.973999999, 115857.178 494819.046000001, 115859.527 494812.511999998, 115856.16 494811.247000001, 115831.646 494802.422000001, 115829.703 494807.967, 115830.276 494808.170000001, 115829.905 494809.206000003, 115825.914 494807.774999999, 115823.823 494813.607000001, 115837.929 494818.734999999, 115837.549 494819.778000002, 115836.975 494819.556999999, 115834.986 494825.090999999, 115862.806 494835.202, 115864.822 494829.656000001, 115864.248 494829.448, 115864.622 494828.392000001))",134,Best Western Zaan Inn,Grenehout 22,1507 EB,Zaandam
stembureau.56,56,"POLYGON ((115704.048 497409.491000003, 115718.9 497411.941, 115719.49 497408.366000002, 115731.003 497410.206000002, 115731.682 497406.816000001, 115741.957238 497409.040925, 115743.315858 497402.846122999, 115721.32818 497398.076363001, 115722.023311 497393.923289001, 115718.397725 497393.297249002, 115718.984881 497388.958801003, 115717.324708 497388.736315, 115717.340262 497388.620256001, 115716.927066 497388.568997003, 115716.348637 497392.949484001, 115711.862523 497392.192987999, 115711.180157 497396.295366998, 115706.988429 497395.593933001, 115707.016 497395.426000001, 115706.596 497395.357, 115706.563 497395.558000002, 115706.352 497395.523000001, 115704.048 497409.491000003))",202,Buurthuis Het Brandtweer,Breestraat 110,1541 EK,Koog aan de Zaan
stembureau.57,57,"POLYGON ((113135.622 497555.909000003, 113136.751 497556.046000003, 113136.807 497555.579000002, 113145.421 497556.707000002, 113145.372 497557.158000002, 113146.534 497557.290000002, 113146.599 497556.832999999, 113146.939 497556.871000003, 113146.982 497556.526000002, 113147.448 497556.585, 113147.591 497555.464000001, 113147.135 497555.405000001, 113147.526 497552.341, 113148.175235738 497552.229085648, 113148.704183465 497552.075432264, 113149.29103793 497551.819390397, 113149.523482816 497551.697310785, 113150.047189272 497551.340431033, 113150.430222993 497551.014310711, 113150.669756843 497550.770380333, 113150.812857444 497550.614748547, 113151.185665907 497550.102259071, 113151.421989703 497549.693426371, 113151.579716188 497549.355752172, 113151.662000011 497549.161, 113154.71 497549.551000001, 113154.654 497550.003000001, 113155.782 497550.143, 113155.847 497549.686, 113156.185 497549.722999998, 113156.241 497549.383000003, 113156.694 497549.442000003, 113156.846 497548.314000003, 113156.385 497548.251, 113157.506 497539.550000002, 113157.967 497539.616000002, 113158.128 497538.490000002, 113157.658 497538.426000001, 113157.705 497538.084000003, 113157.363 497538.036999999, 113157.426 497537.582, 113156.299 497537.427000001, 113156.237 497537.883000003, 113153.168999662 497537.451000035, 113153.015177078 497536.611949012, 113152.884704406 497536.205461515, 113152.620599512 497535.622669604, 113152.291407158 497535.074007413, 113151.887075879 497534.578110225, 113151.428546499 497534.131849526, 113151.210988745 497533.964066539, 113150.731243979 497533.640486928, 113150.353479853 497533.441616444, 113149.96 497533.276000001, 113150.337 497530.243000001, 113150.793 497530.300000004, 113150.937 497529.168, 113150.475 497529.097, 113150.52 497528.755, 113150.178 497528.71, 113150.238 497528.254000003, 113149.111 497528.106000002, 113149.064 497528.548999999, 113140.401 497527.368, 113140.464 497526.912000003, 113139.358 497526.761000001, 113139.292608 497527.211293, 113138.949668 497527.164472001, 113138.902322 497527.511255003, 113138.425862 497527.446205002, 113138.291 497528.433999999, 113134.486 497527.915, 113131.485 497530.235000001, 113130.995 497534.001000005, 113130.021 497533.857000002, 113129.953 497534.317000001, 113129.606 497534.265000002, 113129.381 497535.790999999, 113129.7 497535.838000001, 113129.349 497538.669, 113127.039 497538.405000003, 113126.691 497541.453000001, 113128.946 497541.758, 113128.583 497544.634000003, 113128.259 497544.605, 113128.124 497546.111000001, 113128.47 497546.150000004, 113128.412 497546.606000001, 113129.32 497546.721000003, 113128.738 497550.552000002, 113131.116 497553.613000002, 113134.992 497554.104000001, 113134.889 497555.004000001, 113135.373 497555.053000002, 113135.331 497555.400000001, 113135.678 497555.442000001, 113135.622 497555.909000003))",703,De Grote Kerk,Kerkbuurt 37,1551 AB,Westzaan
stembureau.58,58,"POLYGON ((116336.803484 495916.254541999, 116336.35 495909.961000003, 116336.449 495909.954000003, 116336.417 495909.531, 116336.317 495909.538000002, 116335.863 495903.237000004, 116335.963 495903.229000001, 116335.934 495902.792000003, 116335.834 495902.800000002, 116335.373 495896.502000002, 116335.473 495896.494000001, 116335.449 495896.062000003, 116332.248 495896.248, 116331.601 495887.355000002, 116331.693 495887.329000001, 116331.678 495886.926999999, 116306.227 495888.721, 116306.995 495898.067000001, 116303.932 495898.283, 116304.403 495904.983000003, 116302.281 495905.175000002, 116302.881 495911.880000002, 116300.616 495912.036000002, 116301.112 495919.175999998, 116315.526 495918.161000001, 116315.891 495923.348, 116320.325 495923.037000001, 116320.834 495930.267000001, 116334.62 495929.296999999, 116334.187597 495923.152819002, 116343.241366 495922.512649, 116343.840884 495930.991480004, 116356.806526 495930.074709999, 116355.482158 495911.420587001, 116342.516198 495912.340933004, 116342.768966 495915.901972999, 116336.907781 495916.312398002, 116336.90324 495916.247557003, 116336.803484 495916.254541999))",127,Obs Hannie Schaft,Boerenpad 22,1506 HK,Zaandam
stembureau.59,59,"POLYGON ((118787.79 494334.970000001, 118786.38 494342.990000002, 118789.42 494343.530000001, 118786.97 494357.609999999, 118793.14 494358.739999998, 118791.46 494368.100000001, 118815.09 494372.36, 118816.78 494362.99, 118821.46 494363.83, 118823.72 494351.32, 118830.01 494352.440000001, 118832.29 494339.770000003, 118811.8 494336.06, 118810.93 494340.81, 118806.38 494340, 118806.67 494338.390000002, 118787.79 494334.970000001))",103,Wijkgebouw De Poelenburcht,Weerpad 1A,1504 NX,Zaandam
stembureau.60,60,"POLYGON ((117716.57 495504.12, 117715.9 495506.130000003, 117714.81 495506.340000003, 117715.03 495507.450000001, 117713.73 495511.22, 117714.11 495511.320000001, 117713.39 495513.320000002, 117712.32 495513.510000004, 117712.55 495514.62, 117711.24 495518.399999999, 117711.62 495518.470000002, 117710.89 495520.450000001, 117709.83 495520.660000001, 117710.08 495522.01, 117710.07 495522.110000002, 117717.7 495524.769999999, 117717.12 495526.480000001, 117728.29 495530.330000003, 117729.6 495531.919999999, 117728.093 495536.291000002, 117725.814 495535.505000001, 117723.955 495540.899000001, 117729.053 495542.657000003, 117727.288 495547.779000004, 117730.867 495549.013, 117731.804 495551.216000002, 117730.624 495554.641000001, 117741.15 495558.269999999, 117742.909 495553.190000003, 117747.979 495554.946, 117749.852 495549.539000001, 117744.787 495547.785, 117746.566 495542.648000002, 117731.202 495537.327000003, 117733.063 495531.970000003, 117730.634 495529.149000003, 117731.686 495528.243000002, 117730.901 495527.332000002, 117731.559 495525.439000002, 117731.925 495525.566000001, 117733.234 495521.797000001, 117734.101 495521.059000001, 117733.365 495520.205000002, 117734.039 495518.264000001, 117734.423 495518.397000001, 117735.746 495514.588000004, 117736.58 495513.870000003, 117735.84 495513.030000002, 117736.54 495511.070000001, 117736.89 495511.199999999, 117738.091 495507.728000002, 117740.98 495508.715000001, 117741.714 495506.567000001, 117739.51 495505.840000001, 117742.76 495496.380000002, 117738.93 495495.070000002, 117738.799 495495.453000001, 117736.956 495494.898000001, 117736.721 495493.573999999, 117735.275 495493.830000001, 117731.849 495492.662000001, 117731.72 495493.040999999, 117729.725 495492.369, 117729.29 495491.140000001, 117728.17 495491.360000002, 117724.55 495490.11, 117724.401 495490.547000001, 117722.494 495489.827000002, 117721.97 495488.264, 117728.904 495481.199000001, 117713.249051 495475.783328003, 117713.167 495475.932000002, 117707.482 495492.454, 117706.622 495492.158000002, 117702.859 495503.092, 117711.502 495506.086000003, 117712.706 495502.608, 117716.3 495503.869999999, 117716.57 495504.12))",109,"Evean De Meerpaal, INGANG TJOTTERLAAN",Tjotterlaan 174,1503 LE,Zaandam
stembureau.61,61,"POLYGON ((112946.331 502236.222000002, 112944.933 502241.041000001, 112947.438 502241.768000001, 112952.401 502243.208, 112953.307 502240.085000003, 112955.249 502233.393, 112957.562 502234.064000003, 112959.275 502228.160000001, 112959.894 502226.026000001, 112961.812 502219.413000002, 112958.243 502218.380000002, 112958.287 502218.223000001, 112961.236 502207.741, 112957.847 502206.787, 112958.431 502204.709000001, 112966.473 502206.968000002, 112966.506 502206.851999999, 112965.021 502206.429000001, 112966.935 502199.703999998, 112977.218 502198.552000002, 112982.514 502197.958, 112994.203 502196.648000001, 112993.287 502188.471000001, 112992.956 502188.507000002, 112993.006 502188.971000001, 112989.105 502189.392000002, 112986.096 502189.716000004, 112985.691 502185.962000001, 112987.347 502185.783000001, 112987.043 502182.971000002, 112986.443 502177.412000002, 112984.39 502177.634000002, 112982.205 502177.870000003, 112955.342 502180.770000001, 112956.265 502189.330999999, 112955.33 502192.654000001, 112950.611 502191.326000002, 112944.164 502214.251000001, 112944.153 502214.292000002, 112942.22 502213.731000002, 112937.97 502228.380000004, 112945.365 502230.525, 112943.916 502235.521, 112945.119 502235.869999998, 112946.331 502236.222000002))",502,Dependance Hoeksteen,Serooskerkestraat 74,1561 TT,Krommenie
stembureau.63,63,"POLYGON ((111822.842 501707.761, 111835.891 501695.783, 111838.434 501698.512, 111838.668 501698.294000001, 111838.266 501697.863000002, 111841.696 501694.666000003, 111843.083 501693.373, 111843.485 501693.804000004, 111843.716 501693.59, 111843.314 501693.158000002, 111850.095 501686.838000003, 111850.497 501687.269, 111850.731 501687.051000002, 111850.329 501686.619000001, 111855.369 501681.922000001, 111855.771 501682.353, 111855.997 501682.143, 111849.301 501674.960000003, 111849.07 501675.175, 111849.473 501675.606000001, 111844.407 501680.328000001, 111842.523 501678.315, 111842.625 501675.602, 111839.752 501675.494000002, 111839.649 501678.232000001, 111836.197 501681.407000002, 111829.905 501674.571, 111830.251 501674.253, 111828.418 501672.258000001, 111828.08 501672.569999999, 111823.443 501667.508000001, 111823.772 501667.187, 111823.552 501666.962, 111817.935 501672.122999999, 111817.577 501671.773000003, 111815.576 501673.614000002, 111818.331 501676.622999999, 111816.791 501678.051000002, 111813.763 501674.722000002, 111812.903 501675.505000002, 111812.563 501675.167000001, 111797.18 501689.278, 111796.484 501689.916000004, 111796.404 501689.989, 111796.711 501690.323999999, 111799.057 501692.881999999, 111799.344 501693.195000004, 111799.26 501693.272000003, 111798.657 501693.826000001, 111797.62 501694.777, 111798.654 501695.904, 111793.997 501700.176000001, 111790.928 501696.88, 111784.215 501703.042000003, 111797.643 501717.670000003, 111798.376 501718.469000002, 111798.793 501718.923, 111800.43 501720.706000002, 111800.251 501720.869999999, 111801.732 501722.484000002, 111785.894 501737.023, 111787.126 501738.365000003, 111794.522 501746.422999999, 111802.427 501739.167000003, 111805.254 501742.246000002, 111812.813 501735.307000002, 111813.379 501734.787000004, 111812.913 501734.279000001, 111812.838 501734.198, 111812.929 501734.115, 111819.336 501728.233, 111814.057 501722.483000001, 111814.204 501722.347999999, 111814.931 501721.680000002, 111812.915 501719.483000003, 111812.04 501720.286000002, 111810.409 501718.509, 111811.71 501717.315000002, 111811.761 501717.268, 111813.238 501715.911999998, 111813.57 501716.273000003, 111822.842 501707.761), (111811.834 501706.389, 111807.78 501702.021, 111807.815 501701.988999999, 111816.365 501694.179000004, 111820.384 501698.579, 111811.834 501706.389))",505,"School De Evenaar, ZIJINGANG",Jupiterstraat 139,1562 WP,Krommenie
stembureau.64,64,"POLYGON ((113165.854 501803.475000001, 113166.345 501804.136000002, 113167.072 501804.523999999, 113167.895 501804.563000001, 113168.655 501804.245999999, 113168.798 501804.164000003, 113169.517 501803.753000004, 113176.178 501799.942, 113176.519 501799.747000001, 113178.678 501803.55, 113183.075 501811.297, 113172.281 501817.360000003, 113168.602 501819.426000002, 113172.886 501826.919, 113177.317 501824.386000003, 113180.246 501822.710999999, 113180.72 501822.440000002, 113188.538 501817.970000002, 113188.235 501817.44, 113213.211 501803.213, 113211.712 501800.580000003, 113215.353 501798.507, 113211.385 501791.539000002, 113198.504 501798.922000002, 113193.993 501790.996, 113196.735 501789.434, 113194.011 501784.641, 113189.058 501787.481000002, 113188.379 501786.307, 113186.045 501787.643000001, 113178.46 501791.987000002, 113178.1 501791.353000002, 113176.684 501788.855000001, 113167.547 501794.054000002, 113166.314 501794.756000003, 113160.153 501798.262000002, 113157.721 501799.645999999, 113156.185 501800.520000001, 113155.459 501800.933000004, 113154.274 501801.606999999, 113156.849 501806.168, 113158.499 501805.211000002, 113159.054 501804.888000005, 113160.002 501804.338000003, 113161.046 501806.188000001, 113161.255 501806.07, 113164.094 501804.468000001, 113165.854 501803.475000001))",504,Gebouw Heliomare,Noorderhoofdstraat 127,1561 AT,Krommenie
stembureau.65,65,"POLYGON ((117243.522 494991.698000002, 117263.944 494976.345000002, 117263.364 494975.563000004, 117282.951 494960.784000001, 117286.961 494958.874000001, 117287.011 494958.998, 117287.117 494958.967000002, 117290.122 494965.392000001, 117290.900566 494966.662381999, 117291.855287 494967.806297003, 117292.96594 494968.799516002, 117294.209 494969.620999999, 117296.037057 494970.433868999, 117297.98869 494970.873961003, 117299.988693 494970.924319001, 117301.96 494970.583000001, 117303.274 494975.253000003, 117305.432 494974.640000003, 117306.739 494975.711, 117307.699 494974.544999999, 117313.308 494979.172000001, 117313.694 494979.490000003, 117313.956 494979.705999997, 117329.842 494960.480000001, 117338.409 494949.904000002, 117356.568 494927.588000002, 117364.29 494918.11, 117366.185 494915.755000001, 117367.744 494913.846, 117366.825 494913.095000002, 117366.567 494912.884000003, 117365.754 494912.221, 117372.437 494901.208000001, 117373.133 494900.055000001, 117377.418 494892.864999999, 117374.943 494891.373999999, 117378.665 494885.445999998, 117377.819 494884.914, 117374.173 494882.711999999, 117372.464 494881.68, 117372.528 494881.573000002, 117370.709 494880.473999999, 117371.089 494879.844000001, 117370.8 494879.669999998, 117370.42 494880.300000003, 117367.586 494878.589000001, 117366.505 494880.379, 117365.311 494879.658000004, 117363.163 494883.217000001, 117363.209 494883.244, 117362.789 494883.94, 117362.74 494883.910000002, 117362.558 494884.212000003, 117359.92 494882.619999999, 117345.85 494895.590000001, 117344.19 494894.242000001, 117341.575 494897.464000001, 117354.725 494908.137000003, 117357.047 494905.276000002, 117359.38 494907.170000002, 117359.18 494907.44, 117359.42 494907.650000001, 117359.487 494907.566999999, 117361.059 494908.850000002, 117333.34 494942.820000005, 117323.603 494954.719000002, 117317.51 494962.114, 117310.412 494970.830000003, 117308.882 494969.574000002, 117311.324 494966.600000003, 117311.509 494966.757000002, 117314.61 494963.015000003, 117314.53 494962.949, 117308.04 494961.979000001, 117308.228 494960.688000001, 117308.14 494960.267000002, 117312.24 494959.410000001, 117311.489 494955.938000001, 117304.41 494958.388000002, 117294.104 494949.881000002, 117293.514 494949.097000001, 117309.474 494937.107000003, 117303.781 494929.608000001, 117305.566 494928.303, 117305.728 494928.59, 117340.99 494908.575000002, 117335.685 494899.218, 117332.004 494901.317999999, 117332.291 494901.822000001, 117327.699 494904.433000001, 117327.413 494903.929000002, 117320.386 494907.912000002, 117320.672 494908.415999999, 117316.115 494911.007000001, 117315.829 494910.502, 117308.792 494914.485, 117309.078 494914.990000003, 117304.504 494917.597000002, 117304.22 494917.091, 117300.415 494919.222, 117303.637 494924.873000002, 117297.514 494929.507000003, 117296.474 494928.115000001, 117280.03 494940.518, 117280.624 494941.281999999, 117273.105 494946.933000001, 117270.624 494943.688, 117269.194 494944.753999999, 117265.263 494939.544999998, 117251.108 494950.213000001, 117257.836 494959.147000001, 117255.658 494960.778000001, 117256.507 494961.916000003, 117249.846 494966.916000002, 117250.446 494967.715000001, 117234.521 494979.698000004, 117243.522 494991.698000002))",113,Zorgcentrum Het Mennistenerf,H Gerhardstraat 77,1502 CC,Zaandam
stembureau.66,66,"POLYGON ((111647.045898 501112.995903002, 111655.781085 501126.306633001, 111658.799216 501124.325980002, 111660.12148 501126.340854001, 111690.445056 501106.417808003, 111689.12342 501104.402522002, 111692.142167 501102.422809001, 111683.415068 501089.115371, 111647.045898 501112.995903002))",610,OBS De Delta,Kreekrijklaan 4,1567 LP,Assendelft
stembureau.67,67,"POLYGON ((115027.776 496946.415000001, 115027.641 496998.005999999, 115039.881 496998.037999998, 115039.889 496995.038, 115059.839 496995.090000001, 115059.838 496995.520000001, 115060.148 496995.521, 115060.264 496956.114000001, 115072.084 496956.126000001, 115072.12 496922.506000002, 115059.99 496922.493000001, 115059.987 496925.473000001, 115039.944 496925.431000002, 115039.944 496925.001000003, 115039.634 496925.001000002, 115039.606 496946.446000001, 115027.776 496946.415000001))",206,School De Golfbreker,Papiermolen 18,1541 RT,Koog aan de Zaan
stembureau.68,68,"POLYGON ((111777.457446 500211.815394, 111766.666893 500231.339045, 111760.13375 500227.847032003, 111761.383262 500225.606027, 111755.07696 500222.116971002, 111753.077077 500225.714236001, 111759.383378 500229.203291999, 111759.441471 500229.098292002, 111763.812035 500231.501609, 111761.537327 500235.590315001, 111759.180054 500239.834180999, 111760.888185 500240.768617998, 111762.115037 500241.450748002, 111759.720678 500245.888544005, 111752.553537 500241.915689002, 111752.524448 500241.968166001, 111748.32816 500239.611586, 111735.050204 500263.584747002, 111729.803871 500260.777809001, 111729.861954 500260.672802003, 111723.546753 500257.179645999, 111721.574473 500260.793344001, 111727.889674 500264.286500003, 111729.111718 500262.029138, 111738.664097 500267.309756003, 111727.810205 500286.907574, 111759.321955 500304.332810999, 111784.834656 500258.178132998, 111783.863193 500257.641142004, 111785.643488 500254.420435003, 111787.123098 500255.269519002, 111791.715223 500246.957576, 111791.205403 500246.666539003, 111802.741712 500225.79882, 111777.457446 500211.815394))",608,Jongerenruimte BAAZ De Kaaik,Parkrijklaan 121 E,1567 HD,Assendelft
stembureau.69,69,"POLYGON ((114168.098 503486.147, 114168.105 503487.454000004, 114168.124 503491.331000002, 114171.754 503491.312999999, 114182.939 503491.257000003, 114182.929 503489.265, 114189.929 503489.230999998, 114189.88 503479.125000001, 114193.559 503479.107000001, 114193.535 503474.113999999, 114189.856 503474.132, 114189.82 503466.637000002, 114189.818 503466.116999999, 114189.796 503461.614000003, 114177.221 503461.674000001, 114177.264 503468.476000001, 114171.936 503468.509999999, 114172.01 503480.109, 114171.698 503480.111000002, 114171.728 503486.129000001, 114168.833 503486.144000003, 114168.098 503486.147))",406,"Dorpshuis ""De Noorddam""",Piet Kuiperlaan 2,1525 PA,Westknollendam
