bagID_stemburo,50PLUS,Aan. & Een.,Actief,Ad Bos Collectief,Al.V&D,Amersfoort 2014,Amersfoort Anders,Anti Euro Partij,Anti Europa Partij,Artikel 1,Artikel 50,Belangen Gemeenschap,Blanco lijst Chel,Burger Partij Amersfoort,Christen Democratisch Appél,ChristenUnie,ChristenUnie-Staatkundig Gereformeerde Partij,Continue Directe Democratie Partij,DENK,De Burger Beweging,De Conservatieven.nl,De Groenen,Democraten 66,Democratisch Europa,Democratisch Politiek Keerpunt,Eerlijk.EU,Europa Transparant,Europa Voordelig! & Duurzaam,Europese Klokkenluiders Partij,EénNL,Forum voor Democratie,GeenPeil,GroenLinks,Hart voor Amersfoort,Heel NL,IQ-Partij,Islam Democraten,Jezus Leeft,Jouw Amersfoort,Leefbaar Amersfoort,Leefbaar Europa,Leefbaar Nederland,Leefbaar Provincie Utrecht,Liberaal Democratische Partij,Liberale Partij,Libertarische Partij,Libertas,Lijst 14,Lijst Lashkari,Lijst Pim Fortuyn,Lijst Ratelband,Lijst Özcan,MenS en Spirit / Basisinkomen Partij / V-R,Mooi Utrecht,Nederland Duurzaam,Nederland Lokaal,Nederland Transparant,Nederlandse Middenstands Partij,Newropeans,Niet Stemmers,Nieuw Nederland,Nieuw Rechts,Nieuwe Communistische Partij-NCPN,Nieuwe Wegen,OPA,Ondernemers Partij,Partij van de Arbeid,Partij van de Toekomst,Partij van het Noorden,Partij voor Europese Politiek,Partij voor Mens en Spirit,Partij voor Nederland,Partij voor de Dieren,Partij voor de Vrijheid,Partij één,Piratenpartij,Prov@i-b,Respect.Nu,Socialistische Partij,Soeverein Onafhankelijke Pioniers Nederland,Solidara,Staatkundig Gereformeerde Partij,StemNL,Trots op Nederland,Verenigde Senioren Partij,Vereniging LEF,Volkspartij voor Vrijheid en Democratie,VoorNederland,Vooruitstrevende Integratie Partij-Ouderen Unie,Vrede en Recht,Vrije Indische Partij-Ouderen Unie,Vrijzinnige Partij,dNU,cbs_gemeentecode,cbs_gemeente,verkiezing,cbs_wijkcode,stemburo,partij,aantal_stemmen
0307010000380440,14.0,,8.0,,,38.0,,,,2.0,,,5.0,23.0,46.333333333333336,51.333333333333336,,,159.5,1.0,,,85.33333333333333,,,,,,,,9.0,0.0,59.0,,,,,1.5,,,,,,,0.0,1.0,,,,,,,1.0,,,,,,,0.0,,,,1.0,,2.0,47.333333333333336,,,,,,27.5,63.5,,3.0,0.0,,71.33333333333333,,,8.666666666666666,0.0,,,,53.333333333333336,1.0,,2.0,,0.5,,GM0307,Amersfoort,GR2018,WK030707,De Schaapskooi,Actief,1898
0307010000380500,18.0,,,,,,,,1.0,,,,,95.0,48.5,37.0,,,,,,,41.25,,0.0,,,,,,,,43.75,,5.0,,,,,,,,3.0,0.0,,0.0,,,3.0,,,,,1.0,,1.0,,,,,2.0,,2.0,,,,127.0,1.0,,,3.0,,16.0,56.0,6.0,5.5,,,66.25,3.0,,5.0,,7.0,,7.0,85.25,,,,,,,GM0307,Amersfoort,GR2010,WK030708,Schoolgebouw De Tafelronde,Burger Partij Amersfoort,2224
0307010000381346,6.666666666666667,1.0,13.0,,,56.5,23.0,3.0,,0.0,8.0,1.0,3.0,52.0,64.4,57.75,42.0,,10.5,1.0,,2.0,197.6,,,0.0,,,,,20.0,1.0,104.0,,,0.0,,0.6666666666666666,,,,,,2.0,3.0,0.0,,,,,,,0.0,,,,,,,0.0,,,,2.0,16.0,0.0,83.8,,,,,,21.333333333333332,59.333333333333336,,2.5,3.0,,69.8,,,4.0,0.0,,,,148.8,1.0,,3.0,,0.0,,GM0307,Amersfoort,EP2014,WK030721,Schoolgebouw De Meander,50PLUS,4240
0307010000381743,7.0,1.0,5.0,,,41.0,13.0,1.0,0.0,1.0,1.0,1.0,2.0,53.0,80.44444444444444,55.75,67.0,,27.0,0.0,,1.0,140.55555555555554,,0.0,0.0,,,,,23.0,1.0,32.44444444444444,,5.0,0.0,,1.3333333333333333,,,,,0.0,0.0,1.0,0.5,,,2.0,,,,0.0,1.0,,1.0,,,,0.0,2.0,,0.0,8.0,4.0,1.0,57.77777777777778,0.0,,,2.5,,16.0,55.0,6.0,7.0,2.0,,36.888888888888886,0.0,,12.0,0.0,4.5,,7.0,214.22222222222223,7.0,,1.0,,0.5,,GM0307,Amersfoort,EP2014,WK030726,Sporthal De Dissel,50PLUS,6548
0307010000389724,25.4,0.0,15.0,2.0,0.0,41.0,28.0,0.0,0.0,2.0,3.0,9.0,4.0,73.4,99.875,56.285714285714285,40.5,0.0,20.0,0.0,1.0,2.0,115.93333333333334,0.0,0.0,0.0,46.0,,,5.0,19.0,1.0,137.9375,27.0,5.0,0.0,2.0,0.6666666666666666,67.0,60.0,2.0,9.0,1.0,1.0,0.0,0.5,,0.0,0.0,50.5,1.0,7.0,2.0,7.0,1.0,1.0,0.0,0.0,,1.0,2.0,0.0,3.0,1.0,27.0,1.0,161.8125,1.6666666666666667,1.0,,5.5,0.0,40.6,68.28571428571429,6.0,5.5,3.0,0.0,122.9375,2.0,,17.545454545454547,0.0,9.0,2.0,7.0,116.3125,0.0,0.0,5.0,0.0,1.5,3.0,GM0307,Amersfoort,EP2004,WK030717,Sporthal Juliana van Stolberg,Christen Democratisch Appél,15208
0307010000390108,0.0,0.0,,,,4.0,11.0,0.0,,,0.0,20.0,,31.0,13.0,38.0,0.0,,,,,0.0,27.0,,,0.0,,,,,,,8.0,,,0.0,,0.0,,,,,,0.0,,,,,,,,,,,,,,,,,,,,,24.0,,23.0,,,,,,0.0,0.0,,0.0,,,39.0,,,,,,,,13.0,,,,,,,GM0307,Amersfoort,EP2014,WK030708,Gymzaal Koning Arthurpad,50PLUS,374
0307010000392847,21.8,2.0,16.0,0.0,0.0,45.5,24.0,3.0,0.0,0.0,2.0,6.0,4.0,106.8,131.125,94.71428571428571,77.5,0.0,31.0,4.0,1.0,3.0,75.53333333333333,1.0,0.0,1.0,61.0,,,8.0,18.0,1.0,111.3125,42.0,5.0,0.0,4.0,1.6666666666666667,91.0,115.0,0.0,14.5,1.0,0.0,0.0,0.0,,0.0,2.0,71.25,0.0,26.0,2.0,16.0,0.0,0.0,1.0,0.0,,1.0,2.0,3.0,2.3333333333333335,3.0,31.0,3.0,200.0,0.6666666666666666,0.0,,4.0,1.0,29.1,70.28571428571429,6.0,6.0,3.0,0.0,116.125,4.0,,13.636363636363637,0.0,14.5,4.0,7.0,127.0,1.0,0.0,7.0,2.0,0.0,7.0,GM0307,Amersfoort,EP2004,WK030709,Schoolgebouw De Weesboom,Christen Democratisch Appél,16266
0307010000393097,7.5,,,,0.0,,,,0.0,,,,,71.0,141.85714285714286,48.714285714285715,,,,,0.0,,72.42857142857143,,0.0,,,,,,,,52.285714285714285,48.0,5.0,,,,,138.0,,11.0,3.0,0.0,,1.0,,,2.0,115.5,0.0,40.0,,1.0,1.0,1.0,,0.0,,,2.0,,0.0,,,,164.85714285714286,0.3333333333333333,,,4.5,,11.5,46.0,6.0,7.0,,,50.142857142857146,2.0,,5.5,,6.0,0.0,7.0,252.57142857142858,,0.0,,3.0,,5.0,GM0307,Amersfoort,GR2002,WK030724,Schoolgebouw De Border,Burger Partij Amersfoort,6409
0307010000396441,22.2,1.0,12.0,1.0,0.0,72.0,27.0,1.0,0.0,2.0,7.0,4.0,2.0,113.8,177.4375,88.85714285714286,73.0,0.0,17.5,1.0,0.0,1.0,124.2,0.0,0.0,4.0,57.0,,,5.0,32.0,0.0,88.5,76.0,5.0,0.0,0.0,1.0,107.0,107.0,2.0,20.5,1.0,0.3333333333333333,1.0,0.0,,0.0,5.0,69.25,2.0,4.0,0.0,10.0,0.0,0.0,0.0,0.0,,0.0,2.0,2.0,4.0,4.0,32.0,2.0,215.25,1.6666666666666667,0.0,,2.5,1.0,28.2,86.42857142857143,6.0,5.5,7.0,2.0,103.875,1.0,,8.363636363636363,0.0,14.0,6.0,7.0,227.625,12.0,0.0,7.0,0.0,0.5,7.0,GM0307,Amersfoort,EP2004,WK030721,Kerkgebouw Het Brandpunt,Christen Democratisch Appél,19080
0307010000403386,9.6,0.0,4.0,,,32.0,11.0,0.0,0.0,1.0,2.0,4.0,2.0,47.333333333333336,39.333333333333336,44.875,50.0,,17.0,1.0,,0.0,58.888888888888886,,1.0,2.0,,,,,10.0,0.0,47.55555555555556,,5.0,1.0,,0.0,,,,,1.0,1.0,2.0,0.0,,,0.0,,,,1.0,0.0,,0.0,,,,0.0,2.0,,0.0,7.0,7.0,1.0,65.77777777777777,0.0,,,2.5,,15.333333333333334,48.0,6.0,4.0,1.0,,56.111111111111114,2.0,,5.833333333333333,0.0,8.0,,7.0,66.77777777777777,4.0,,4.0,,1.0,,GM0307,Amersfoort,EP2014,WK030709,Schoolgebouw De Drieslag,50PLUS,4252
0307010000403596,,,3.0,,,30.0,,,,,,,1.0,30.0,60.0,63.0,,,119.0,,,,98.0,,,,,,,,,,53.0,,,,,,,,,,,,,,,,,,,,,,,,,,,,,,,,,,29.0,,,,,,,,,,,,32.0,,,13.0,,,,,37.0,,,2.0,,,,GM0307,Amersfoort,GR2018,WK030710,Schoolgebouw De Baander,Actief,570
0307010000404063,9.2,0.0,,,,7.0,7.0,0.0,0.0,2.0,0.0,44.0,,28.0,37.5,35.142857142857146,26.0,,157.0,0.0,,0.0,45.25,,0.0,0.0,,,,,3.0,0.0,38.625,,5.0,0.0,,0.0,,,,,0.0,0.5,0.0,1.0,,,2.0,,,,0.0,1.0,,0.0,,,,0.0,2.0,,0.0,0.0,9.0,2.0,95.75,1.0,,,2.5,,10.0,39.666666666666664,6.0,4.25,0.0,,46.75,1.0,,5.6,0.0,5.5,,7.0,41.625,2.0,,,,0.0,,GM0307,Amersfoort,EP2014,WK030713,Sporthal Schuilenburg,50PLUS,3438
0307010000405045,4.0,,,3.0,0.0,,,,0.0,,,,,115.5,169.33333333333334,55.125,35.0,0.0,,,2.0,,85.125,1.0,1.0,,77.0,,,7.0,,,106.77777777777777,,5.0,,0.0,,110.0,,1.0,12.0,,0.0,,3.0,,1.0,3.0,50.25,0.0,,,20.0,2.0,0.0,1.0,0.0,,,2.0,0.0,2.3333333333333335,,,,245.0,0.0,2.0,,5.0,0.0,19.0,48.0,6.0,4.5,,4.0,96.22222222222223,2.0,,3.3333333333333335,,8.0,2.0,7.0,226.55555555555554,,0.0,,0.0,,,GM0307,Amersfoort,EP2004,WK030721,Wijkcentrum Het Katshuis,Christen Democratisch Appél,9798
0307010000408256,3.2,0.0,1.0,0.0,0.0,6.5,2.0,2.0,0.0,0.0,0.0,0.0,0.0,16.6,58.375,23.785714285714285,37.0,0.0,2.0,0.0,0.0,0.0,10.333333333333334,1.0,0.0,0.0,2.0,,,0.0,4.0,0.0,7.25,8.0,5.0,0.0,0.0,0.0,2.0,12.0,1.0,2.0,0.0,0.0,0.0,0.0,,0.0,1.0,20.5,0.0,0.0,0.0,1.5,0.0,0.0,0.0,0.0,,1.0,2.0,0.0,0.0,0.0,4.0,0.0,11.5,0.0,0.0,,2.0,0.0,4.7,21.857142857142858,6.0,2.75,0.0,0.0,8.0,1.0,,32.36363636363637,0.0,5.0,0.5,7.0,40.75,0.0,0.0,0.0,0.0,0.0,1.0,GM0307,Amersfoort,EP2004,WK030725,Restaurant Feefa,Christen Democratisch Appél,3426
0307010000408647,42.8,2.0,22.0,0.0,0.0,99.5,31.0,4.0,0.0,2.0,13.0,31.0,3.0,160.6,158.0,115.42857142857143,103.0,0.0,61.5,1.0,0.0,2.0,109.8,2.0,0.0,0.0,43.0,,,8.0,23.0,2.0,106.6875,47.0,5.0,2.0,0.0,2.3333333333333335,69.0,122.0,0.0,24.0,1.0,0.0,1.0,0.0,,0.0,1.0,72.75,0.0,9.0,0.0,13.0,1.0,0.0,0.0,0.0,,2.0,2.0,8.0,1.3333333333333333,4.0,42.0,1.0,211.125,1.3333333333333333,0.0,,2.5,1.0,37.9,123.14285714285714,6.0,6.0,10.0,1.0,142.5625,2.0,,10.363636363636363,0.0,13.0,5.0,7.0,164.75,5.0,0.0,16.0,2.0,0.5,10.0,GM0307,Amersfoort,EP2004,WK030709,Schoolgebouw De Zevensprong,Christen Democratisch Appél,19706
0307010000409202,5.0,0.0,5.0,,,33.5,16.0,0.0,0.0,1.0,1.0,0.0,5.0,61.666666666666664,74.0,34.5,19.0,,3.5,1.0,,1.0,98.66666666666667,,0.0,0.0,,,,,19.0,1.0,74.33333333333333,,5.0,0.0,,0.0,,,,,1.0,0.5,0.0,1.5,,,0.0,,,,3.0,1.0,,0.0,,,,1.0,2.0,,0.0,0.0,8.0,0.0,65.55555555555556,1.0,,,3.5,,25.0,38.833333333333336,6.0,6.0,2.0,,47.22222222222222,2.0,,6.0,1.0,7.0,,7.0,99.44444444444444,1.0,,5.0,,1.0,,GM0307,Amersfoort,EP2014,WK030701,Ichthuskerk,50PLUS,5278
0307010000409756,11.5,1.0,12.0,,,31.5,35.0,1.0,0.0,4.0,16.0,5.0,2.0,47.5,62.333333333333336,91.8,85.0,,11.0,0.0,,7.0,259.3333333333333,,0.0,0.0,,,,,20.0,2.0,173.83333333333334,,,0.0,,1.6666666666666667,,,,,,0.5,5.0,1.5,,,,,,,1.0,,,0.0,,,,1.0,,,,1.0,4.0,2.0,133.16666666666666,2.0,,,6.0,,61.0,43.0,,14.666666666666666,6.0,,87.0,1.0,,10.5,0.0,,,,137.5,1.0,,3.0,,0.5,,GM0307,Amersfoort,EP2014,WK030703,Station NS Piet Mondriaanplein-zijde,50PLUS,6539
0307010000414014,14.0,,,3.0,1.0,,,,0.0,,,,,127.0,169.72727272727272,47.7,29.0,0.0,,,0.0,,89.8,1.0,0.0,,60.0,,,8.0,,,147.63636363636363,39.0,5.0,,0.0,,127.0,76.0,2.0,8.0,3.0,0.0,,2.0,,0.0,2.0,67.0,0.0,35.0,,13.0,1.0,0.0,2.0,0.0,,,2.0,3.0,3.0,,,,216.0,1.0,3.0,,3.0,0.0,34.142857142857146,70.5,6.0,6.5,,1.0,131.27272727272728,1.0,,7.875,,9.5,0.0,7.0,180.8181818181818,,0.0,,2.0,,11.0,GM0307,Amersfoort,EP2004,WK030701,Scholen in de Kunst,Christen Democratisch Appél,12461
0307010000415801,,,2.0,,,25.0,,,,,,,0.0,23.0,33.0,41.0,,,11.0,,,,56.0,,,,,,,,,,75.0,,,,,,,,,,,,,,,,,,,,,,,,,,,,,,,,,,37.0,,,,,,,,,,,,57.0,,,7.0,,,,,38.0,,,1.0,,,,GM0307,Amersfoort,GR2018,WK030716,Schoolgebouw MBO Leusderweg,Actief,406
0307010000415886,9.333333333333334,0.0,4.0,,,25.5,16.0,0.0,,0.0,4.0,0.0,0.0,20.0,47.0,38.75,27.0,,3.0,0.0,,2.0,146.8,,,0.0,,,,,14.0,0.0,82.8,,,0.0,,0.3333333333333333,,,,,,0.0,0.0,0.0,,,,,,,0.0,,,,,,,0.0,,,,1.0,5.0,0.0,51.2,,,,,,23.0,21.0,,2.5,0.0,,22.4,,,2.6666666666666665,0.0,,,,134.4,0.0,,1.0,,0.0,,GM0307,Amersfoort,EP2014,WK030718,Nieuw-Apostolische Kerk,50PLUS,2923
0307010000418802,31.0,2.0,24.0,1.0,0.0,89.0,17.0,3.0,2.0,1.0,6.0,8.0,1.0,116.8,187.3125,100.85714285714286,84.5,0.0,25.5,1.0,0.0,2.0,108.93333333333334,2.0,0.0,1.0,75.0,,,13.0,30.0,1.0,96.4375,47.0,5.0,0.0,0.0,2.6666666666666665,92.0,130.0,3.0,12.5,3.0,2.3333333333333335,0.0,0.5,,0.0,4.0,55.5,0.0,9.0,2.0,12.0,0.0,0.0,0.0,0.0,,1.0,2.0,1.0,2.6666666666666665,2.0,30.0,1.0,194.375,1.3333333333333333,1.0,,3.5,0.0,26.6,108.71428571428571,6.0,8.75,4.0,1.0,111.5625,1.0,,10.818181818181818,0.0,15.5,3.5,7.0,199.9375,3.0,0.0,5.0,6.0,1.5,1.0,GM0307,Amersfoort,EP2004,WK030720,Sporthal Zielhorst,Christen Democratisch Appél,18902
0307010000420513,22.0,0.0,2.0,0.0,0.0,32.5,19.0,3.0,0.0,1.0,1.0,22.0,0.0,123.2,132.3125,79.14285714285714,40.0,0.0,80.0,0.0,0.0,1.0,45.86666666666667,3.0,0.0,1.0,42.0,,,11.0,10.0,0.0,66.4375,30.0,5.0,0.0,1.0,0.3333333333333333,92.0,85.0,1.0,12.0,2.0,1.0,0.0,0.0,,3.0,9.0,63.75,0.0,20.0,0.0,17.0,1.0,0.0,0.0,0.0,,0.0,2.0,1.0,2.3333333333333335,1.0,22.0,0.0,150.8125,2.0,2.0,,3.5,0.0,19.7,90.57142857142857,6.0,5.25,0.0,1.0,107.5625,9.0,,8.636363636363637,0.0,12.5,2.5,7.0,112.6875,5.0,0.0,4.0,4.0,0.0,7.0,GM0307,Amersfoort,EP2004,WK030711,Sporthal Rustenburg,Christen Democratisch Appél,13695
0307010000420908,13.5,,,1.0,,,,,2.0,,,,,219.5,174.875,106.0,56.0,0.0,,,,,72.85714285714286,1.0,3.0,,20.0,,,10.0,,,62.875,,5.0,,0.0,,120.0,,3.0,,1.0,0.5,,0.0,,0.0,12.0,8.5,,,,11.5,,0.0,0.0,,,,2.0,5.0,5.0,,,,198.125,5.0,0.0,,3.0,0.0,22.0,102.75,6.0,6.0,,1.0,93.125,4.0,,12.6,,16.5,1.0,7.0,342.875,,,,,,,GM0307,Amersfoort,EP2004,WK030728,Schoolgebouw De Marke,Christen Democratisch Appél,9666
0307010000422163,59.2,0.0,23.0,0.0,0.0,161.5,26.0,1.0,0.0,1.0,7.0,5.0,0.0,178.6,331.75,94.28571428571429,78.0,0.0,12.0,1.0,0.0,2.0,164.33333333333334,0.0,3.0,1.0,84.0,,,7.0,49.0,4.0,114.8125,66.0,10.0,1.0,0.0,2.6666666666666665,93.0,84.0,1.0,15.5,8.0,0.6666666666666666,0.0,1.0,,0.0,7.0,74.25,1.0,4.0,0.0,9.5,0.0,1.0,0.0,0.0,,1.0,4.0,3.0,0.6666666666666666,4.0,42.0,6.0,227.125,2.0,0.0,,5.0,0.0,32.0,140.28571428571428,12.0,9.5,7.0,0.0,136.25,2.0,,9.727272727272727,1.0,29.5,1.5,14.0,319.5,11.0,0.0,9.0,2.0,1.0,8.0,GM0307,Amersfoort,EP2004,WK030719,Sporthal De Bieshaar,Christen Democratisch Appél,26052
0307010000422376,,,,0.0,,,,,,,,,,,201.5,94.5,,0.0,,,,,18.5,,,,,,,2.0,,,38.0,,,,0.0,,,,,,,1.0,,,,0.0,,1.0,,,,8.0,,,0.0,,,,,,,,,,123.5,,,,,2.0,18.0,47.0,,,,,94.5,,,9.0,,,0.0,,257.0,,,,,,,GM0307,Amersfoort,PS2007,WK030729,Het Veenhuisje,Christen Democratisch Appél,1770
0307010000423644,24.4,0.0,16.0,4.0,0.0,49.5,20.0,3.0,0.0,1.0,1.0,6.0,11.0,112.4,108.0,101.57142857142857,80.0,0.0,24.0,1.0,1.0,2.0,77.66666666666667,1.0,4.0,0.0,31.0,,,6.0,19.0,1.0,108.625,29.0,5.0,0.0,1.0,0.0,72.0,156.0,1.0,17.0,3.0,0.3333333333333333,2.0,0.0,,0.0,1.0,97.0,3.0,4.0,0.0,5.0,0.5,0.0,0.0,0.0,,0.0,2.0,0.0,4.666666666666667,2.0,26.0,1.0,170.75,1.3333333333333333,1.0,,3.5,1.0,39.2,162.14285714285714,6.0,5.5,3.0,1.0,144.6875,3.0,,16.272727272727273,0.0,17.5,3.5,7.0,83.25,7.0,0.0,8.0,1.0,1.0,8.0,GM0307,Amersfoort,EP2004,WK030703,Emmauskerk,Christen Democratisch Appél,16136
0307010000425466,22.4,0.0,10.0,0.0,0.0,48.0,18.0,0.0,0.0,5.0,1.0,35.0,3.0,71.4,119.8125,78.85714285714286,67.5,0.0,97.0,2.0,1.0,3.0,64.93333333333334,1.0,0.0,0.0,31.0,,,4.0,24.0,1.0,85.5625,19.0,5.0,1.0,5.0,2.0,50.0,62.0,1.0,11.5,3.0,0.0,0.0,0.5,,1.0,4.0,57.5,0.0,55.0,1.0,6.5,2.0,0.0,0.0,0.0,,3.0,2.0,1.0,1.6666666666666667,2.0,19.0,0.0,178.25,2.0,0.0,,2.5,0.0,21.5,75.0,6.0,5.75,2.0,1.0,101.5,2.0,,15.636363636363637,0.0,14.0,1.0,7.0,88.1875,6.0,0.0,3.0,2.0,0.5,7.0,GM0307,Amersfoort,EP2004,WK030714,Wijkcentrum Het Klokhuis,Christen Democratisch Appél,13813
0307010000425468,30.6,2.0,15.0,0.0,0.0,75.0,30.0,3.0,0.0,6.0,1.0,52.0,4.0,116.8,171.0625,119.92857142857143,123.0,0.0,242.0,1.0,0.0,2.0,86.0,2.0,0.0,0.0,53.0,,,10.0,19.0,2.0,82.375,28.0,5.0,0.0,5.0,2.3333333333333335,59.0,95.0,1.0,16.5,1.0,0.3333333333333333,4.0,0.0,,1.0,2.0,70.25,0.0,62.0,0.0,10.0,2.0,0.0,0.0,0.0,,0.0,2.0,2.0,3.3333333333333335,3.0,29.0,1.0,206.125,1.3333333333333333,3.0,,2.0,1.0,33.8,122.0,6.0,8.0,3.0,1.0,116.125,4.0,,22.545454545454547,0.0,12.0,4.5,7.0,122.375,9.0,2.0,5.0,2.0,1.0,8.0,GM0307,Amersfoort,EP2004,WK030710,Kerkgebouw De Bron,Christen Democratisch Appél,18179
0307010000428564,23.0,,,1.0,0.0,,,,0.0,,,,,170.33333333333334,152.45454545454547,89.5,79.0,0.0,,,0.0,,54.4,0.0,1.0,,76.0,,,6.0,,,83.81818181818181,43.0,5.0,,0.0,,61.0,112.0,1.0,14.0,2.0,0.0,,0.0,,0.0,3.0,85.5,0.0,3.0,,16.0,0.0,0.0,1.0,0.0,,,2.0,2.0,2.6666666666666665,,,,216.0909090909091,1.0,0.0,,2.0,0.0,22.571428571428573,78.75,6.0,5.0,,3.0,131.0909090909091,0.0,,9.0,,10.0,4.0,7.0,143.1818181818182,,0.0,,1.0,,4.0,GM0307,Amersfoort,EP2004,WK030709,Wijkcentrum De Trefhorst,Christen Democratisch Appél,11408
0307010000428650,2.5,,,,0.0,,,,0.0,,,,,65.0,109.14285714285714,19.833333333333332,22.0,,,,0.0,,105.42857142857143,2.0,0.0,,61.0,,,,,,68.42857142857143,,5.0,,,,,,1.0,3.5,1.0,0.0,,1.0,,,3.0,35.666666666666664,0.0,,,1.0,0.0,0.0,,0.0,,,2.0,0.0,0.0,,,,97.42857142857143,0.0,0.0,,2.5,,14.6,31.666666666666668,6.0,4.5,,0.0,28.714285714285715,0.0,,6.2,,3.0,0.0,7.0,218.0,,0.0,,0.0,,,GM0307,Amersfoort,EP2004,WK030718,Congrescentrum De Eenhoorn,Christen Democratisch Appél,5024
0307010000428881,28.0,0.0,,,,35.0,6.0,1.0,,,1.0,2.0,,59.0,232.33333333333334,64.5,54.0,,,,,2.0,125.66666666666667,,,0.0,,,,,,,36.666666666666664,,,0.0,,1.5,,,,,,2.0,0.0,,,,,,,,,,,,,,,,,,,,24.0,,62.666666666666664,,,,,,27.0,66.0,,7.0,3.0,,74.33333333333333,,,4.0,,,,,123.66666666666667,,,,,1.0,,GM0307,Amersfoort,EP2014,WK030719,Martinuskerk,50PLUS,2541
0307010000429062,13.4,2.0,4.0,,,31.5,8.0,0.0,1.0,3.0,1.0,36.0,0.0,48.666666666666664,52.77777777777778,45.625,37.0,,128.0,0.0,,0.0,72.66666666666667,,0.0,0.0,,,,,12.0,0.0,55.77777777777778,,5.0,0.0,,0.3333333333333333,,,,,1.0,0.0,2.0,2.5,,,5.0,,,,1.0,1.0,,0.0,,,,1.0,2.0,,0.0,0.0,19.0,3.0,113.33333333333333,0.0,,,3.5,,23.0,69.66666666666667,6.0,5.75,3.0,,62.888888888888886,2.0,,10.166666666666666,0.0,11.5,,7.0,72.66666666666667,1.0,,8.0,,0.5,,GM0307,Amersfoort,EP2014,WK030707,Adventkerk,50PLUS,5616
0307010000434143,24.0,,,3.0,0.0,,,,0.0,,,,,175.5,207.7,96.55555555555556,88.0,0.0,,,0.0,,80.0,0.0,0.0,,69.0,,,11.0,,,73.2,,5.0,,0.0,,70.0,,3.0,19.0,0.0,0.5,,0.0,,0.0,1.0,78.75,2.0,,,11.5,0.5,2.0,0.0,0.0,,,2.0,2.0,1.3333333333333333,,,,212.0,1.3333333333333333,1.0,,2.5,1.0,16.142857142857142,79.75,6.0,6.0,,0.0,86.7,1.0,,11.142857142857142,,14.0,1.5,7.0,309.2,,0.0,,0.0,,,GM0307,Amersfoort,EP2004,WK030724,Wijkcentrum De Boerderij,Christen Democratisch Appél,12094
0307010000435292,0.0,0.0,,,,8.0,14.0,0.0,,,0.0,3.0,,39.0,14.0,21.0,21.0,,,,,0.0,44.5,,,1.0,,,,,,,30.5,,,0.0,,0.0,,,,,,0.0,,,,,,,,,,,,,,,,,,,,,8.0,,27.0,,,,,,14.0,39.0,,2.0,,,30.5,,,,,,,,19.5,,,,,,,GM0307,Amersfoort,EP2014,WK030703,Café Havana,50PLUS,502
0307010000436433,19.333333333333332,0.0,,1.0,0.0,24.0,10.0,2.0,0.0,,3.0,46.0,,92.75,146.23076923076923,57.45454545454545,38.0,0.0,,,2.0,0.0,50.166666666666664,2.0,1.0,0.0,30.0,,,7.0,,,79.92307692307692,31.0,5.0,1.0,9.0,3.0,36.0,101.0,1.0,13.5,3.0,0.0,,0.0,,0.0,0.0,77.75,0.0,167.0,,7.5,3.0,0.0,0.0,0.0,,,2.0,3.0,7.333333333333333,,18.0,,231.92307692307693,2.0,1.0,,3.0,1.0,18.625,69.4,6.0,5.0,,0.0,91.38461538461539,2.0,,16.25,,13.0,6.5,7.0,99.0,,0.0,,4.0,,6.0,GM0307,Amersfoort,EP2004,WK030707,Verpleeghuis St. Elisabeth,Christen Democratisch Appél,11777
0307010000437407,20.0,1.0,13.0,0.0,1.0,40.5,22.0,1.0,0.0,0.0,4.0,6.0,2.0,100.6,166.5,91.0,72.0,0.0,22.0,0.0,2.0,0.0,93.46666666666667,5.0,1.0,0.0,40.0,,,9.0,20.0,0.0,75.0,27.0,5.0,0.0,3.0,3.0,84.0,117.0,3.0,21.0,2.0,1.6666666666666667,1.0,1.0,,0.0,10.0,77.0,1.0,6.0,0.0,8.5,0.5,0.0,0.0,0.0,,0.0,2.0,2.0,1.0,3.0,25.0,1.0,195.5,2.0,0.0,,3.5,0.0,25.1,73.71428571428571,6.0,4.5,3.0,0.0,103.3125,4.0,,6.0,0.0,21.5,7.0,7.0,175.625,2.0,3.0,9.0,7.0,0.0,2.0,GM0307,Amersfoort,EP2004,WK030720,Schoolgebouw De Kameleon,Christen Democratisch Appél,16773
0307010000441453,15.0,,7.0,,,54.0,,,,0.0,,,2.0,61.0,72.0,61.0,,,7.5,1.0,,,222.0,,,,,,,,17.0,1.0,190.5,,,,,3.0,,,,,,,,1.0,,,,,,,0.0,,,,,,,0.0,,,,2.0,,2.0,69.0,,,,,,35.0,67.0,,5.0,,,56.5,,,9.5,0.0,,,,189.0,5.0,,7.0,,0.0,,GM0307,Amersfoort,GR2018,WK030717,Gymzaal Lyceum De Amersfoortse Berg,Actief,2039
0307010000443087,14.333333333333334,0.0,13.0,,,42.0,29.0,1.0,,1.0,3.0,5.0,4.0,48.5,42.4,48.0,37.0,,8.5,0.0,,1.0,138.6,,,0.0,,,,,12.0,3.0,133.4,,,0.0,,2.3333333333333335,,,,,,0.0,0.0,1.0,,,,,,,0.0,,,,,,,0.0,,,,0.0,16.0,1.0,55.4,,,,,,56.0,64.33333333333333,,7.0,1.0,,76.8,,,5.0,0.0,,,,99.4,2.0,,6.0,,0.5,,GM0307,Amersfoort,EP2014,WK030701,Armen de Poth,50PLUS,3697
0307010000443940,4.0,,,,,,,,0.0,,,,,49.0,43.25,91.25,,,,,,,30.0,,0.0,,,,,,,,24.75,,5.0,,,,,,,,3.0,0.0,,0.0,,,0.0,,,,,0.0,,0.0,,,,,2.0,,0.0,,,,63.0,0.0,,,2.5,,10.333333333333334,42.333333333333336,6.0,4.5,,,36.75,0.0,,8.0,,6.0,,7.0,126.0,,,,,,,GM0307,Amersfoort,GR2010,WK030728,Schoolgebouw Het Zwaluwnest,Burger Partij Amersfoort,1948
0307010000445418,,,,,0.0,,,,,,,,,,270.0,45.0,,,,,0.0,,138.0,,,,,,,,,,148.0,,,,,,,,,3.0,,,,,,,,36.0,1.0,,,,0.0,,,,,,,,2.0,,,,384.0,0.0,,,,,10.0,,,,,,111.0,,,19.0,,,,,330.0,,0.0,,,,,GM0307,Amersfoort,TK2003,WK030717,Schoolgebouw School op de Berg,Al.V&D,1497
0307010000445473,10.25,0.0,2.0,2.0,0.0,62.5,18.0,0.0,1.0,,3.0,0.0,3.0,107.25,185.30769230769232,89.08333333333333,69.0,0.0,6.0,,0.0,0.0,135.0,,3.0,1.0,,,,10.0,,,63.92307692307692,,5.0,0.0,0.0,2.0,64.0,,,14.0,3.0,2.0,1.0,2.0,,1.0,2.0,55.666666666666664,2.0,,,10.0,0.0,0.0,1.0,0.0,,,2.0,,0.6666666666666666,,11.0,,146.23076923076923,1.0,,,2.5,0.0,19.0,66.66666666666667,6.0,7.333333333333333,0.0,,67.92307692307692,1.0,,5.666666666666667,,13.5,0.5,7.0,288.46153846153845,,0.0,3.0,1.0,1.0,,GM0307,Amersfoort,EP2014,WK030724,Schoolgebouw De Malelande,50PLUS,14177
0307010000446194,12.0,0.0,,,,13.0,6.0,0.0,,,3.0,58.0,,10.0,24.333333333333332,43.5,49.0,,,,,0.0,65.66666666666667,,,2.0,,,,,,,25.0,,,0.0,,0.5,,,,,,0.0,1.0,,,,,,,,,,,,,,,,,,,,6.0,,63.666666666666664,,,,,,14.0,24.5,,1.0,0.0,,59.666666666666664,,,9.0,,,,,21.666666666666668,,,,,0.0,,GM0307,Amersfoort,EP2014,WK030706,Schoolgebouw De Parel,50PLUS,1127
0307010000447384,11.0,0.0,8.0,1.0,0.0,19.0,10.0,0.0,0.0,2.0,3.0,72.0,0.0,69.0,127.875,69.28571428571429,73.0,0.0,223.5,0.0,0.0,0.0,57.4,2.0,0.0,0.0,49.0,,,1.0,6.0,0.0,96.0,14.0,5.0,0.0,30.0,1.3333333333333333,42.0,96.0,2.0,12.0,2.0,0.0,2.0,0.0,,0.0,6.0,68.75,0.0,119.0,0.0,4.0,6.5,0.0,0.0,0.0,,1.0,2.0,0.0,3.0,0.0,15.0,0.0,204.4375,0.3333333333333333,0.0,,3.0,2.0,20.5,59.42857142857143,6.0,7.25,1.0,1.0,88.75,3.0,,15.0,0.0,13.0,2.0,7.0,86.1875,1.0,1.0,1.0,7.0,1.0,8.0,GM0307,Amersfoort,EP2004,WK030713,ABC School Het Scala,Christen Democratisch Appél,14229
0307010000447916,14.0,,7.0,,,52.0,,,,1.0,,,1.0,26.0,80.5,84.0,,,44.5,0.0,,,166.0,,,,,,,,7.0,0.0,111.0,,,,,0.0,,,,,,,,0.0,,,,,,,0.0,,,,,,,0.0,,,,2.0,,1.0,66.0,,,,,,29.0,47.0,,3.0,,,39.0,,,24.0,0.0,,,,147.5,0.0,,7.0,,0.0,,GM0307,Amersfoort,GR2018,WK030715,Schoolgebouw Corderiuscollege,Actief,1722
0307010000448376,23.333333333333332,2.0,12.0,,,101.5,42.0,1.0,,2.0,4.0,4.0,2.0,106.0,141.0,151.25,113.0,,13.0,2.0,,7.0,259.0,,,0.0,,,,,47.0,2.0,144.0,,,0.0,,2.0,,,,,,1.0,4.0,0.0,,,,,,,1.0,,,,,,,3.0,,,,3.0,29.0,1.0,117.4,,,,,,63.0,104.0,,6.5,9.0,,116.2,,,15.333333333333334,0.0,,,,218.8,4.0,,11.0,,0.5,,GM0307,Amersfoort,EP2014,WK030721,Gymzaal Dopheide,50PLUS,6971
0307010000450307,27.8,0.0,4.0,0.0,1.0,50.0,10.0,1.0,0.0,4.0,1.0,4.0,4.0,96.2,194.5625,153.28571428571428,126.5,0.0,17.0,2.0,0.0,0.0,57.13333333333333,1.0,1.0,0.0,57.0,,,8.0,14.0,0.0,73.125,32.0,5.0,0.0,4.0,1.6666666666666667,67.0,67.0,0.0,14.5,2.0,1.6666666666666667,0.0,0.0,,0.0,1.0,61.75,1.0,12.0,0.0,12.5,0.0,0.0,1.0,0.0,,0.0,2.0,1.0,2.0,0.0,33.0,1.0,180.625,0.6666666666666666,1.0,,3.0,1.0,21.2,67.14285714285714,6.0,4.25,3.0,0.0,96.375,0.0,,15.272727272727273,0.0,10.0,4.0,7.0,113.9375,1.0,1.0,2.0,6.0,0.5,1.0,GM0307,Amersfoort,EP2004,WK030708,Woon- en Zorgcentrum De Koperhorst,Christen Democratisch Appél,16139
0307010000450586,15.6,0.0,7.0,0.0,0.0,38.5,15.0,1.0,0.0,1.0,0.0,18.0,1.0,83.4,180.0,105.78571428571429,81.5,1.0,37.0,2.0,0.0,1.0,86.0,2.0,0.0,2.0,47.0,,,9.0,12.0,0.0,99.5,35.0,5.0,0.0,1.0,1.3333333333333333,92.0,76.0,2.0,7.0,0.0,0.3333333333333333,1.0,0.0,,0.0,3.0,55.25,0.0,23.0,1.0,10.5,0.5,1.0,0.0,0.0,,1.0,2.0,5.0,3.6666666666666665,2.0,18.0,0.0,179.125,0.0,0.0,,3.5,0.0,28.8,59.857142857142854,6.0,7.0,0.0,1.0,90.1875,0.0,,16.545454545454547,0.0,10.0,1.5,7.0,121.375,1.0,0.0,5.0,1.0,1.5,9.0,GM0307,Amersfoort,EP2004,WK030714,Woon- en Zorgcentrum Nijenstede,Christen Democratisch Appél,15943
0307010000452058,10.6,1.0,4.0,,,52.5,7.0,1.0,0.0,0.0,3.0,3.0,2.0,62.0,66.55555555555556,100.0,88.0,,16.0,0.0,,2.0,110.66666666666667,,0.0,3.0,,,,,13.0,1.0,77.88888888888889,,5.0,0.0,,0.3333333333333333,,,,,1.0,0.0,0.0,0.5,,,2.0,,,,1.0,1.0,,0.0,,,,2.0,2.0,,2.0,1.0,14.0,1.0,85.88888888888889,1.0,,,2.0,,23.0,46.833333333333336,6.0,4.0,1.0,,50.0,1.0,,14.333333333333334,0.0,7.0,,7.0,102.66666666666667,2.0,,5.0,,0.5,,GM0307,Amersfoort,EP2014,WK030714,Kerkgebouw De Kandelaar,50PLUS,6344
0307010000452611,12.5,,,,,,,,0.0,,,,,122.0,54.75,49.0,,,,,,,41.5,,0.0,,,,,,,,49.75,,5.0,,,,,,,,1.0,0.0,,0.0,,,5.0,,,,,2.0,,1.0,,,,,2.0,,2.0,,,,197.5,1.0,,,2.5,,18.333333333333332,77.66666666666667,6.0,4.5,,,70.75,5.0,,11.0,,15.5,,7.0,72.25,,,,,,,GM0307,Amersfoort,GR2010,WK030710,Wijkcentrum De Groene Stee,Burger Partij Amersfoort,2692
0307010000452617,10.8,0.0,12.0,1.0,,42.5,18.0,1.0,0.0,1.0,2.0,9.0,2.0,66.75,82.66666666666667,74.45454545454545,52.0,1.0,32.0,2.0,,5.0,198.1818181818182,,1.0,1.0,,,,4.0,28.0,3.0,175.41666666666666,,5.0,1.0,0.0,0.3333333333333333,65.0,,,,4.0,0.0,2.0,1.5,,0.0,7.0,0.0,,,0.0,10.0,,0.0,0.0,,,0.0,2.0,,1.0,5.0,4.0,5.0,153.0,0.0,,,3.0,1.0,43.125,47.714285714285715,6.0,12.5,4.0,,100.58333333333333,2.0,,6.625,0.0,7.5,0.0,7.0,155.33333333333334,3.0,,9.0,,1.0,,GM0307,Amersfoort,EP2014,WK030718,Station NS Hoofdingang,50PLUS,12579
0307010000454219,23.0,0.0,9.0,0.0,1.0,46.0,7.0,1.0,0.0,0.0,0.0,1.0,2.0,100.8,299.5,38.642857142857146,28.5,0.0,3.5,0.0,1.0,1.0,136.93333333333334,0.0,3.0,2.0,29.0,,,3.0,18.0,0.0,33.5,302.0,5.0,0.0,0.0,1.0,51.0,79.0,3.0,11.0,0.0,0.6666666666666666,0.0,1.5,,0.0,0.0,49.0,0.0,0.0,0.0,16.5,0.0,0.0,0.0,0.0,,1.0,2.0,1.0,1.0,1.0,12.0,0.0,79.125,0.6666666666666666,0.0,,2.0,0.0,15.0,94.85714285714286,6.0,5.0,4.0,0.0,65.75,1.0,,4.7272727272727275,0.0,13.5,1.0,7.0,186.0625,3.0,0.0,9.0,0.0,0.5,7.0,GM0307,Amersfoort,EP2004,WK030726,Woon- en Zorgcentrum St. Jozef,Christen Democratisch Appél,15749
0307010000457161,15.0,0.0,11.0,,,34.5,11.0,2.0,,2.0,1.0,2.0,2.0,32.5,45.4,54.5,49.0,,6.5,0.0,,0.0,55.2,,,3.0,,,,,10.0,0.0,30.8,,,0.0,,0.6666666666666666,,,,,,1.0,0.0,0.0,,,,,,,0.0,,,,,,,3.0,,,,3.0,13.0,2.0,30.8,,,,,,12.0,48.0,,2.0,0.0,,40.4,,,6.0,0.0,,,,59.6,0.0,,1.0,,0.0,,GM0307,Amersfoort,EP2014,WK030720,Schoolgebouw De Zonnewijzer,50PLUS,2041
0307010000457535,20.4,1.0,14.0,2.0,0.0,40.0,9.0,0.0,0.0,1.0,1.0,3.0,0.0,106.0,131.73333333333332,64.6923076923077,54.5,0.0,7.5,0.0,0.0,0.0,80.71428571428571,2.0,0.0,3.0,82.0,,,13.0,17.0,0.0,62.8,,5.0,0.0,0.0,1.6666666666666667,101.0,,1.0,10.0,4.0,0.0,0.0,0.5,,0.0,7.0,31.25,0.0,,0.0,11.5,0.0,0.0,0.0,0.0,,0.0,2.0,2.0,2.0,0.0,29.0,2.0,155.26666666666668,1.0,1.0,,3.0,1.0,22.8,65.42857142857143,6.0,5.5,3.0,0.0,88.0,2.0,,4.7,0.0,14.5,4.5,7.0,165.6,4.0,0.0,6.0,2.0,0.0,,GM0307,Amersfoort,EP2004,WK030721,PopUp stembureau Het Pluspunt,Christen Democratisch Appél,13067
0307010000459995,11.0,,,,,,,,,,,,,,52.0,40.0,,,,,,,127.0,,,,,,,,,,110.0,,,,,,,,,,1.0,,,,,,,,,,,1.0,,,,,,,,,,,,,156.0,,,,,,10.0,50.0,,,,,82.0,,,0.0,,,,,208.0,,,,,,,GM0307,Amersfoort,PS2011,WK030721,MFC de Boomfontein,50PLUS,848
0307010000461827,23.4,0.0,8.0,1.0,0.0,40.0,20.0,2.0,0.0,1.0,0.0,8.0,1.0,90.4,133.125,88.35714285714286,68.5,0.0,10.0,0.0,0.0,0.0,119.86666666666666,5.0,0.0,2.0,68.0,,,5.0,18.0,0.0,130.6875,45.0,5.0,0.0,0.0,0.6666666666666666,111.0,95.0,2.0,14.5,2.0,0.3333333333333333,1.0,0.5,,0.0,1.0,86.0,2.0,10.0,1.0,9.5,0.0,0.0,1.0,0.0,,0.0,2.0,0.0,2.3333333333333335,3.0,28.0,2.0,202.1875,1.3333333333333333,1.0,,4.0,0.0,36.0,84.28571428571429,6.0,5.25,1.0,0.0,108.75,1.0,,22.545454545454547,0.0,13.0,3.5,7.0,159.8125,2.0,0.0,0.0,3.0,1.0,7.0,GM0307,Amersfoort,EP2004,WK030716,Martuskerk,Christen Democratisch Appél,17741
0307010000466669,24.0,0.0,11.0,,,32.0,7.0,1.0,0.0,1.0,0.0,8.0,3.0,65.0,63.333333333333336,76.25,74.0,,20.5,0.0,,0.0,63.333333333333336,,1.0,0.0,,,,,10.0,0.0,51.44444444444444,,5.0,1.0,,0.6666666666666666,,,,,3.0,0.0,1.0,0.0,,,0.0,,,,0.0,1.0,,0.0,,,,0.0,2.0,,1.0,0.0,15.0,0.0,77.22222222222223,0.0,,,2.0,,24.333333333333332,69.66666666666667,6.0,6.0,1.0,,73.33333333333333,0.0,,6.833333333333333,0.0,6.5,,7.0,80.77777777777777,3.0,,4.0,,0.0,,GM0307,Amersfoort,EP2014,WK030709,Kerkelijk Centrum De Hoeksteen,50PLUS,5529
0307010000467859,10.8,1.0,3.0,2.0,0.0,28.5,11.0,0.0,0.0,2.0,4.0,3.0,2.0,57.2,88.625,38.214285714285715,29.0,0.0,3.5,1.0,0.0,0.0,78.8,1.0,0.0,0.0,25.0,,,2.0,13.0,2.0,55.375,7.0,5.0,0.0,0.0,2.3333333333333335,66.0,23.0,0.0,3.0,2.0,0.3333333333333333,1.0,0.5,,0.0,1.0,17.5,0.0,4.0,1.0,6.0,0.0,0.0,0.0,0.0,,0.0,2.0,1.0,2.3333333333333335,2.0,4.0,1.0,83.8125,0.0,0.0,,2.5,0.0,16.5,38.0,6.0,5.25,1.0,0.0,49.9375,0.0,,5.636363636363637,0.0,5.0,0.5,7.0,113.625,1.0,0.0,1.0,1.0,1.0,1.0,GM0307,Amersfoort,EP2004,WK030702,Seniorenflat Otto Scheltus,Christen Democratisch Appél,9287
0307010000468689,,,9.0,,,23.0,,,,,,,0.0,29.0,48.0,40.0,,,36.0,,,,44.0,,,,,,,,,,33.0,,,,,,,,,,,,,,,,,,,,,,,,,,,,,,,,,,38.0,,,,,,,,,,,,37.0,,,9.0,,,,,33.0,,,1.0,,,,GM0307,Amersfoort,GR2018,WK030713,Undineflat,Actief,380
0307010000469477,11.0,,2.0,,,15.0,,,,1.0,,,3.0,17.0,42.5,36.0,,,125.5,1.0,,,114.0,,,,,,,,5.0,0.0,80.5,,,,,0.0,,,,,,,,0.0,,,,,,,1.0,,,,,,,1.0,,,,3.0,,0.0,44.0,,,,,,30.0,70.0,,8.0,,,53.0,,,5.5,0.0,,,,48.5,2.0,,6.0,,0.0,,GM0307,Amersfoort,GR2018,WK030706,Apostolisch Genootschap,Actief,1275
0307010000470669,8.6,2.0,9.0,0.0,0.0,45.5,32.0,1.0,0.0,0.0,8.0,0.0,11.0,92.0,209.3125,67.14285714285714,47.5,0.0,0.5,0.0,0.0,0.0,235.13333333333333,4.0,0.0,2.0,113.0,,,7.0,15.0,1.0,113.125,112.0,5.0,0.0,0.0,0.6666666666666666,214.0,110.0,1.0,8.0,1.0,1.6666666666666667,2.0,1.5,,0.0,5.0,40.0,0.0,0.0,0.0,10.0,0.0,0.0,0.0,0.0,,0.0,2.0,2.0,1.0,0.0,5.0,0.0,154.9375,0.0,1.0,,4.0,1.0,27.7,39.42857142857143,6.0,5.25,4.0,0.0,48.625,1.0,,11.454545454545455,0.0,4.5,1.0,7.0,480.5,2.0,0.0,3.0,0.0,0.0,3.0,GM0307,Amersfoort,EP2004,WK030718,Bergkerk,Christen Democratisch Appél,22881
0307010000470831,17.2,1.0,2.0,6.0,1.0,39.5,22.0,2.0,0.0,2.0,3.0,16.0,1.0,82.2,195.6875,107.71428571428571,107.5,0.0,40.5,0.0,1.0,2.0,108.46666666666667,0.0,0.0,0.0,90.0,,,11.0,15.0,0.0,124.125,44.0,5.0,0.0,0.0,1.3333333333333333,102.0,87.0,4.0,13.5,4.0,0.6666666666666666,0.0,0.0,,1.0,0.0,70.25,5.0,27.0,1.0,13.0,0.0,0.0,0.0,0.0,,0.0,2.0,1.0,4.0,1.0,16.0,0.0,184.75,1.0,0.0,,4.5,0.0,34.2,63.42857142857143,6.0,6.0,2.0,0.0,90.625,3.0,,36.09090909090909,0.0,7.5,3.5,7.0,176.375,1.0,0.0,10.0,3.0,2.5,2.0,GM0307,Amersfoort,EP2004,WK030716,Woon- en Zorgcentrum De Amerhorst,Christen Democratisch Appél,18459
0307010000472707,29.0,2.0,6.0,3.0,0.0,30.0,20.0,1.0,0.0,5.0,1.0,56.0,4.0,90.0,129.4375,71.07142857142857,61.0,0.0,114.0,0.0,0.0,0.0,50.4,1.0,1.0,0.0,35.0,,,4.0,9.0,2.0,52.75,26.0,5.0,0.0,7.0,0.6666666666666666,44.0,76.0,2.0,13.0,0.0,0.6666666666666666,0.0,0.0,,0.0,2.0,74.25,0.0,34.0,1.0,5.0,1.5,0.0,0.0,0.0,,2.0,2.0,0.0,2.0,1.0,34.0,0.0,160.25,0.3333333333333333,0.0,,4.0,0.0,18.5,80.14285714285714,6.0,4.5,2.0,1.0,72.875,2.0,,13.727272727272727,0.0,8.5,3.5,7.0,84.875,2.0,0.0,8.0,3.0,1.0,2.0,GM0307,Amersfoort,EP2004,WK030710,Woon- en Zorgcentrum De Liendert,Christen Democratisch Appél,12474
0307010000474855,5.0,0.0,1.0,0.0,0.0,12.0,0.0,0.0,1.0,1.0,0.0,0.0,2.0,31.8,124.625,9.5,10.5,0.0,0.0,0.0,0.0,0.0,16.733333333333334,0.0,0.0,0.0,18.0,,,5.0,1.0,0.0,11.5625,8.0,5.0,0.0,0.0,0.0,9.0,16.0,0.0,2.0,1.0,0.0,1.0,0.5,,0.0,0.0,11.5,0.0,0.0,0.0,1.5,0.0,0.0,0.0,0.0,,0.0,2.0,0.0,0.0,0.0,3.0,0.0,12.3125,0.0,0.0,,2.0,0.0,4.4,24.714285714285715,6.0,3.5,1.0,1.0,8.0625,1.0,,9.0,0.0,5.0,0.5,7.0,58.3125,3.0,0.0,0.0,0.0,0.0,0.0,GM0307,Amersfoort,EP2004,WK030727,Café De Plank,Christen Democratisch Appél,4543
0307010000474911,,,,0.0,1.0,,,,,,,,,188.5,453.42857142857144,78.0,60.0,0.0,,,0.0,,56.5,0.0,,,48.0,,,8.0,,,87.28571428571429,41.0,,,0.0,,59.0,123.0,2.0,19.5,,0.0,,,,0.0,,78.5,1.0,4.0,,37.0,0.0,,0.0,0.0,,,,5.0,0.0,,,,229.28571428571428,0.0,0.0,,,0.0,21.25,95.0,,,,0.0,111.71428571428571,,,6.4,,,1.0,,245.71428571428572,,0.0,,1.0,,3.0,GM0307,Amersfoort,EP2004,WK030719,Partycentrum Het Hoogh Landt,Christen Democratisch Appél,10036
0307010000475317,18.4,0.0,7.0,3.0,0.0,82.5,13.0,1.0,0.0,2.0,2.0,3.0,3.0,94.0,164.75,118.35714285714286,87.0,0.0,7.5,0.0,0.0,0.0,105.66666666666667,0.0,3.0,3.0,53.0,,,13.0,22.0,1.0,80.8125,51.0,5.0,0.0,0.0,0.6666666666666666,68.0,137.0,1.0,17.0,5.0,0.0,1.0,0.0,,0.0,2.0,68.25,1.0,9.0,0.0,7.0,0.5,1.0,0.0,0.0,,0.0,2.0,2.0,1.3333333333333333,1.0,31.0,0.0,176.5,0.6666666666666666,0.0,,3.0,0.0,19.8,70.71428571428571,6.0,5.25,5.0,0.0,89.75,2.0,,5.636363636363637,0.0,14.5,0.5,7.0,196.25,0.0,1.0,8.0,0.0,3.5,10.0,GM0307,Amersfoort,EP2004,WK030720,Kerkgebouw De Lichtkring,Christen Democratisch Appél,17121
0307010000477658,26.6,0.0,5.0,2.0,0.0,32.5,20.0,0.0,0.0,2.0,0.0,5.0,4.0,94.6,61.5,60.285714285714285,46.5,0.0,14.0,1.0,1.0,1.0,53.733333333333334,0.0,1.0,3.0,20.0,,,4.0,15.0,2.0,68.875,22.0,5.0,2.0,1.0,1.3333333333333333,40.0,128.0,0.0,21.0,4.0,0.0,3.0,1.5,,2.0,1.0,118.0,1.0,10.0,0.0,5.0,0.0,0.0,0.0,0.0,,0.0,2.0,2.0,3.6666666666666665,1.0,32.0,2.0,154.3125,4.0,0.0,,2.5,0.0,34.9,161.85714285714286,6.0,6.0,2.0,0.0,148.3125,4.0,,15.0,2.0,21.5,4.0,7.0,66.875,11.0,0.0,7.0,0.0,0.0,5.0,GM0307,Amersfoort,EP2004,WK030703,Schoolgebouw De Kubus,Christen Democratisch Appél,13109
0307010000478417,14.8,1.0,,,0.0,35.0,17.0,1.0,0.0,1.0,6.0,0.0,,71.66666666666667,88.58333333333333,53.6,35.5,,8.0,0.0,0.0,1.0,150.41666666666666,0.0,1.0,1.0,49.0,,,,24.0,1.0,159.83333333333334,25.0,5.0,0.0,,0.6666666666666666,,69.0,0.0,15.0,2.0,0.0,1.0,0.5,,,7.0,57.333333333333336,0.0,7.0,1.0,3.0,0.0,0.0,,0.0,,0.0,2.0,0.0,2.5,2.0,18.0,0.0,171.91666666666666,1.0,0.0,,3.0,,30.0,51.333333333333336,6.0,5.25,0.0,0.0,89.16666666666667,2.0,,9.875,0.0,7.0,1.0,7.0,149.16666666666666,4.0,0.0,,0.0,0.0,6.0,GM0307,Amersfoort,EP2004,WK030715,Sportfondsenbad,Christen Democratisch Appél,11800
0307010000482319,12.25,0.0,13.0,0.0,0.0,76.5,21.0,0.0,0.0,2.0,0.0,6.0,3.0,96.25,153.92857142857142,129.16666666666666,22.5,0.0,22.5,0.0,1.0,0.0,89.15384615384616,0.0,2.0,0.0,58.0,,,16.0,25.0,1.0,62.214285714285715,,5.0,0.0,1.0,0.0,55.0,,2.0,18.0,0.0,0.3333333333333333,,0.5,,0.0,2.0,60.75,0.0,,0.0,4.5,0.0,0.0,0.0,0.0,,0.0,2.0,0.0,2.3333333333333335,0.0,20.0,1.0,141.64285714285714,0.0,0.0,,2.0,0.0,17.333333333333332,65.33333333333333,6.0,5.25,,0.0,66.5,0.0,,12.444444444444445,0.0,9.0,2.0,7.0,240.0,8.0,0.0,2.0,0.0,0.0,,GM0307,Amersfoort,EP2004,WK030724,Kerkgebouw De Boogkerk,Christen Democratisch Appél,13949
0307010000484368,19.0,0.0,4.0,,,34.0,10.0,1.0,0.0,4.0,2.0,4.0,0.0,49.0,49.666666666666664,41.5,34.0,,9.5,0.0,,0.0,54.55555555555556,,0.0,1.0,,,,,7.0,0.0,35.333333333333336,,5.0,0.0,,1.0,,,,,2.0,0.0,0.0,0.0,,,3.0,,,,0.0,0.0,,0.0,,,,0.0,2.0,,1.0,4.0,16.0,0.0,68.11111111111111,0.0,,,2.0,,16.666666666666668,55.5,6.0,8.0,1.0,,59.333333333333336,1.0,,6.166666666666667,0.0,10.5,,7.0,63.55555555555556,1.0,,1.0,,0.5,,GM0307,Amersfoort,EP2014,WK030720,Overseldert,50PLUS,4284
0307010000485875,26.6,0.0,29.0,1.0,0.0,34.5,17.0,0.0,0.0,2.0,3.0,6.0,2.0,93.0,131.125,73.57142857142857,63.0,0.0,13.0,0.0,0.0,2.0,94.6,2.0,0.0,2.0,23.0,,,6.0,17.0,0.0,94.9375,23.0,5.0,1.0,1.0,0.0,78.0,133.0,1.0,15.0,2.0,0.3333333333333333,1.0,0.5,,0.0,2.0,78.5,1.0,5.0,0.0,12.0,0.5,1.0,0.0,0.0,,1.0,2.0,2.0,3.6666666666666665,1.0,44.0,2.0,191.6875,1.0,0.0,,2.5,3.0,36.0,87.14285714285714,6.0,5.5,3.0,1.0,116.5625,1.0,,23.0,0.0,9.0,4.5,7.0,112.125,4.0,0.0,5.0,0.0,0.5,3.0,GM0307,Amersfoort,EP2004,WK030703,Woon- en Zorgcentrum Puntenburg,Christen Democratisch Appél,15725
0307010000487840,3.4,0.0,2.0,0.0,1.0,4.0,3.0,0.0,0.0,1.0,0.0,0.0,0.0,6.8,27.1875,12.5,10.5,0.0,3.0,0.0,1.0,0.0,18.0,0.0,1.0,0.0,4.0,,,1.0,3.0,0.0,22.125,2.0,5.0,1.0,0.0,1.3333333333333333,6.0,8.0,0.0,1.5,0.0,0.3333333333333333,1.0,0.0,,0.0,0.0,6.75,0.0,1.0,0.0,1.0,0.5,1.0,0.0,0.0,,0.0,20.0,1.0,1.3333333333333333,1.0,3.0,0.0,38.9375,1.0,0.0,,6.0,1.0,11.4,14.714285714285714,10.0,5.5,0.0,1.0,24.6875,1.0,,6.0,0.0,10.5,1.0,15.0,20.0625,1.0,0.0,3.0,0.0,0.0,1.0,GM0307,Amersfoort,EP2004,WK030705,Zon en Schild,Christen Democratisch Appél,3144
0307010000491717,17.5,,,,,,,,0.0,,,,,100.0,57.25,48.0,,,,,,,43.5,,0.0,,,,,,,,30.25,,5.0,,,,,,,,1.0,0.0,,1.0,,,4.0,,,,,1.0,,0.0,,,,,2.0,,0.0,,,,112.5,0.0,,,3.5,,15.333333333333334,63.333333333333336,6.0,5.5,,,62.0,2.0,,6.333333333333333,,13.5,,7.0,91.5,,,,,,,GM0307,Amersfoort,GR2010,WK030720,Wijkcentrum Het Middelpunt,Burger Partij Amersfoort,2244
0307010000492548,15.0,,,1.0,0.0,24.0,11.0,,0.0,,,0.0,,84.25,123.15384615384616,59.916666666666664,44.0,0.0,,,0.0,,116.66666666666667,6.0,1.0,,52.0,,,1.0,,,122.23076923076923,61.0,5.0,,0.0,4.0,55.0,57.0,1.0,10.5,2.0,1.0,2.0,3.0,,0.0,1.0,47.0,1.0,13.0,,14.0,0.0,0.0,0.0,0.0,,,2.0,3.0,1.3333333333333333,,25.0,,148.3846153846154,0.0,0.0,,3.0,0.0,35.625,51.2,6.0,4.5,5.0,0.0,93.07692307692308,4.0,,14.88888888888889,,7.0,4.0,7.0,170.23076923076923,,0.0,,2.0,0.0,2.0,GM0307,Amersfoort,EP2004,WK030725,PopUp stembureau ROC Midden-Nederland Disketteweg,Christen Democratisch Appél,12399
0307010000493142,,,8.0,,,20.0,,,,,,,2.0,14.0,45.0,47.0,,,1.0,,,,44.0,,,,,,,,,,36.0,,,,,,,,,,,,,,,,,,,,,,,,,,,,,,,,,,32.0,,,,,,,,,,,,38.0,,,28.0,,,,,70.0,,,1.0,,,,GM0307,Amersfoort,GR2018,WK030715,De Eemgaarde,Actief,386
0307010000494617,15.0,,,,,,,,0.0,,,,,90.0,87.6,54.0,49.0,,,,,,55.2,2.0,0.0,,47.0,,,,,,51.2,,5.0,,,,,,0.0,,4.0,0.0,,2.0,,,3.0,19.0,,,,1.0,,0.0,,,,,2.0,0.0,1.0,,,,121.4,1.0,1.0,,2.0,,16.25,70.0,6.0,5.0,,0.0,45.4,3.0,,7.666666666666667,,10.0,,7.0,154.2,,,,,,,GM0307,Amersfoort,EP2004,WK030724,Kerkelijk Centrum De Herberg,Christen Democratisch Appél,3396
0307010000496510,21.6,1.0,16.0,0.0,0.0,40.0,22.0,0.0,0.0,0.0,4.0,80.0,3.0,109.2,141.25,81.42857142857143,59.0,0.0,218.0,1.0,0.0,5.0,108.4,1.0,1.0,1.0,60.0,,,17.0,14.0,0.0,161.3125,57.0,10.0,0.0,11.0,2.6666666666666665,84.0,144.0,2.0,19.0,1.0,0.0,0.0,0.0,,0.0,4.0,132.75,1.0,225.0,2.0,13.5,8.5,0.0,0.0,0.0,,0.0,4.0,4.0,5.0,0.0,11.0,0.0,340.4375,1.6666666666666667,0.0,,6.0,1.0,39.3,99.14285714285714,12.0,7.25,7.0,0.0,165.5625,0.0,,15.727272727272727,0.0,21.0,3.0,14.0,138.3125,2.0,0.0,6.0,2.0,0.0,10.0,GM0307,Amersfoort,EP2004,WK030707,Schoolgebouw De Vlindervallei,Christen Democratisch Appél,22034
0307010000496745,33.333333333333336,,8.0,,,128.0,,,0.0,3.0,,,2.0,126.0,214.66666666666666,69.5,,,4.5,0.0,,,105.16666666666667,,1.0,,,,,,33.0,2.0,74.5,,5.0,,,0.0,,,,,1.0,0.0,,0.0,,,1.0,,,,0.0,2.0,,0.0,,,,1.0,2.0,,2.0,3.0,,2.0,120.83333333333333,6.0,,,3.0,,25.0,89.0,6.0,3.6666666666666665,,,80.5,3.0,,7.4,0.0,16.5,,7.0,216.5,5.0,,1.0,,0.0,,GM0307,Amersfoort,GR2010,WK030719,Jongerencentrum De Neng,Burger Partij Amersfoort,6418
0307010000497127,69.0,3.0,34.0,3.0,0.0,227.0,69.0,6.0,0.0,8.0,17.0,32.0,5.0,179.8,278.8125,160.92857142857142,186.0,0.0,162.0,3.0,0.0,6.0,275.6666666666667,1.0,1.0,5.0,21.0,,,13.0,123.0,6.0,129.5625,132.0,5.0,0.0,3.0,4.666666666666667,63.0,308.0,0.0,14.0,6.0,0.3333333333333333,7.0,1.0,,2.0,1.0,54.25,0.0,46.0,2.0,8.0,1.0,0.0,2.0,0.0,,7.0,2.0,4.0,2.0,11.0,36.0,5.0,240.875,1.0,0.0,,3.0,1.0,53.6,228.0,6.0,16.75,21.0,0.0,143.3125,3.0,,19.545454545454547,1.0,15.0,1.0,7.0,516.8125,13.0,0.0,28.0,0.0,4.0,13.0,GM0307,Amersfoort,EP2004,WK030724,Sporthal Nieuwland,Christen Democratisch Appél,33572
0307010000497732,18.2,2.0,5.0,,,75.0,3.0,0.0,0.0,1.0,1.0,4.0,2.0,77.0,107.0,53.125,39.0,,5.5,0.0,,0.0,106.11111111111111,,1.0,0.0,,,,,27.0,0.0,59.111111111111114,,5.0,2.0,,0.6666666666666666,,,,,1.0,0.0,2.0,1.0,,,1.0,,,,1.0,2.0,,0.0,,,,3.0,2.0,,0.0,4.0,28.0,1.0,72.44444444444444,0.0,,,3.0,,20.0,63.666666666666664,6.0,5.5,3.0,,59.44444444444444,0.0,,6.5,0.0,4.5,,7.0,152.55555555555554,4.0,,6.0,,1.5,,GM0307,Amersfoort,EP2014,WK030719,De Faam,50PLUS,6666
0307010000498069,6.2,0.0,4.0,,,36.5,11.0,1.0,0.0,1.0,1.0,3.0,2.0,52.666666666666664,95.11111111111111,67.125,90.0,,4.5,0.0,,0.0,153.0,,1.0,0.0,,,,,13.0,0.0,88.0,,5.0,0.0,,0.3333333333333333,,,,,1.0,0.5,0.0,0.0,,,3.0,,,,0.0,1.0,,0.0,,,,0.0,2.0,,3.0,1.0,6.0,0.0,85.11111111111111,0.0,,,2.0,,24.0,46.0,6.0,3.25,4.0,,39.55555555555556,0.0,,13.333333333333334,0.0,5.5,,7.0,171.11111111111111,5.0,,3.0,,1.0,,GM0307,Amersfoort,EP2014,WK030716,Fonteinkerk,50PLUS,7201
0307010000501034,27.0,0.0,10.0,0.0,1.0,32.5,13.0,0.0,2.0,0.0,2.0,9.0,3.0,108.4,91.5,44.57142857142857,35.5,0.0,15.0,0.0,2.0,1.0,44.6,0.0,0.0,0.0,28.0,,,6.0,5.0,0.0,59.6875,25.0,5.0,0.0,1.0,2.3333333333333335,83.0,212.0,2.0,26.5,2.0,0.6666666666666666,0.0,0.5,,1.0,3.0,133.0,0.0,14.0,1.0,10.0,0.0,0.0,0.0,0.0,,2.0,2.0,1.0,2.3333333333333335,0.0,19.0,0.0,185.625,2.0,1.0,,3.5,0.0,31.9,127.42857142857143,6.0,4.5,2.0,0.0,141.5,3.0,,11.0,0.0,23.0,6.5,7.0,66.375,3.0,0.0,7.0,3.0,1.0,10.0,GM0307,Amersfoort,EP2004,WK030703,Schoolgebouw De Magneet,Christen Democratisch Appél,13394
0307010000501916,18.0,,,0.0,1.0,,,,0.0,,,,,119.33333333333333,167.0,89.3,63.0,0.0,,,1.0,,99.5,0.0,2.0,,58.0,,,9.0,,,117.0909090909091,38.0,5.0,,0.0,,88.0,113.0,1.0,12.5,2.0,0.0,,0.0,,1.0,2.0,60.75,1.0,2.0,,9.5,0.5,0.0,0.0,0.0,,,2.0,1.0,1.0,,,,246.63636363636363,0.3333333333333333,0.0,,5.5,0.0,25.714285714285715,79.5,6.0,7.0,,0.0,106.72727272727273,1.0,,5.875,,14.5,1.5,7.0,253.8181818181818,,2.0,,0.0,,4.0,GM0307,Amersfoort,EP2004,WK030721,Schoolgebouw Gabrie Mehen,Christen Democratisch Appél,13390
0307010000502110,17.0,,12.0,,,36.0,,,1.0,0.0,,,3.0,57.0,33.42857142857143,52.857142857142854,,,2.0,0.0,,,72.85714285714286,,1.0,,,,,,16.0,2.0,75.85714285714286,,5.0,,,0.0,,,,,0.0,0.0,1.0,0.0,,,0.0,,,,1.0,1.0,,0.0,,,,2.0,2.0,,2.0,2.0,,1.0,70.42857142857143,1.0,,,3.5,,41.4,78.8,6.0,5.0,0.0,,57.285714285714285,5.0,,20.333333333333332,0.0,7.0,,7.0,47.57142857142857,3.0,,6.0,,1.5,,GM0307,Amersfoort,GR2010,WK030703,Orthodoxe Parochie St. Henricus,Burger Partij Amersfoort,3936
0307010000502319,11.4,0.0,10.0,,,38.5,5.0,0.0,0.0,0.0,3.0,10.0,1.0,56.0,44.22222222222222,36.625,37.0,,32.0,0.0,,1.0,93.0,,0.0,1.0,,,,,17.0,0.0,53.333333333333336,,5.0,0.0,,0.6666666666666666,,,,,1.0,0.0,0.0,0.0,,,1.0,,,,0.0,0.0,,0.0,,,,0.0,2.0,,0.0,0.0,11.0,0.0,77.22222222222223,1.0,,,2.5,,19.666666666666668,71.66666666666667,6.0,4.25,0.0,,76.55555555555556,3.0,,5.833333333333333,0.0,11.5,,7.0,98.66666666666667,4.0,,1.0,,0.5,,GM0307,Amersfoort,EP2014,WK030706,Verenigingsgebouw Juliana en Bernhard,50PLUS,5404
0307010000506701,11.8,1.0,23.0,,,41.0,24.0,0.0,0.0,2.0,2.0,2.0,7.0,68.0,50.44444444444444,37.5,25.0,,3.5,0.0,,5.0,160.11111111111111,,2.0,5.0,,,,,17.0,1.0,124.66666666666667,,5.0,0.0,,0.3333333333333333,,,,,1.0,0.0,5.0,1.5,,,4.0,,,,0.0,1.0,,0.0,,,,0.0,2.0,,4.0,1.0,2.0,1.0,98.11111111111111,0.0,,,3.5,,39.0,28.666666666666668,6.0,7.0,0.0,,64.0,1.0,,6.0,0.0,4.5,,7.0,133.44444444444446,0.0,,8.0,,0.5,,GM0307,Amersfoort,EP2014,WK030701,De Gerfkamer,50PLUS,6984
0307010000507559,11.4,0.0,13.0,0.0,0.0,65.5,8.0,0.0,0.0,0.0,4.0,10.0,3.0,99.0,155.25,77.78571428571429,67.0,0.0,8.5,0.0,0.0,2.0,168.86666666666667,3.0,0.0,2.0,58.0,,,6.0,8.0,1.0,194.75,36.0,5.0,1.0,1.0,0.3333333333333333,230.0,83.0,2.0,6.0,2.0,1.0,1.0,1.0,,0.0,0.0,40.25,3.0,15.0,0.0,12.0,1.0,0.0,0.0,0.0,,1.0,2.0,1.0,3.6666666666666665,2.0,8.0,3.0,227.9375,0.3333333333333333,0.0,,5.0,0.0,30.3,44.0,6.0,5.5,3.0,0.0,116.25,1.0,,23.545454545454547,0.0,5.0,2.0,7.0,162.4375,6.0,0.0,7.0,0.0,2.0,4.0,GM0307,Amersfoort,EP2004,WK030715,Schoolgebouw Guido de Brès,Christen Democratisch Appél,19847
0307010000508686,14.8,0.0,9.0,1.0,,28.5,12.0,1.0,0.0,1.0,3.0,2.0,5.0,81.0,118.4,59.61538461538461,46.5,0.0,2.0,0.0,,2.0,157.28571428571428,5.0,0.0,0.0,79.0,,,8.0,8.0,1.0,144.26666666666668,43.0,5.0,0.0,1.0,0.3333333333333333,141.0,102.0,0.0,16.0,3.0,0.3333333333333333,0.0,0.5,,0.0,2.0,47.0,,1.0,1.0,9.0,2.0,1.0,0.0,0.0,,2.0,2.0,2.0,2.0,0.0,16.0,0.0,149.86666666666667,0.0,0.0,,6.0,0.0,40.55555555555556,50.285714285714285,6.0,4.25,2.0,1.0,91.73333333333333,0.0,,24.0,0.0,10.0,2.5,7.0,190.53333333333333,0.0,,9.0,2.0,0.5,9.0,GM0307,Amersfoort,EP2004,WK030717,St. Ansfriduskerk,Christen Democratisch Appél,15723
0307010000510433,4.0,,,,,,,,0.0,,,,,61.0,49.0,29.25,,,,,,,59.25,,2.0,,,,,,,,42.5,,5.0,,,,,,,,2.0,0.0,,0.0,,,0.0,,,,,0.0,,0.0,,,,,2.0,,1.0,,,,94.25,0.0,,,2.5,,15.666666666666666,37.0,6.0,5.0,,,46.5,0.0,,5.0,,6.0,,7.0,103.75,,,,,,,GM0307,Amersfoort,GR2010,WK030721,Schoolgebouw De Breede Hei,Burger Partij Amersfoort,1992
0307010000512671,28.0,3.0,5.0,0.0,0.0,75.0,15.0,4.0,0.0,0.0,3.0,0.0,1.0,142.8,237.875,102.35714285714286,83.0,0.0,3.5,0.0,0.0,1.0,98.8,0.0,0.0,1.0,69.0,,,7.0,20.0,3.0,96.0,39.0,5.0,0.0,0.0,1.3333333333333333,54.0,90.0,0.0,18.5,1.0,0.3333333333333333,1.0,0.0,,0.0,1.0,68.75,0.0,1.0,0.0,6.5,0.0,0.0,0.0,0.0,,2.0,2.0,5.0,3.0,3.0,36.0,2.0,161.0625,1.0,0.0,,3.5,0.0,22.6,74.57142857142857,6.0,3.75,6.0,0.0,98.1875,1.0,,10.181818181818182,0.0,10.0,3.5,7.0,217.5625,10.0,0.0,4.0,1.0,1.0,5.0,GM0307,Amersfoort,EP2004,WK030719,Kerkgebouw De Inham,Christen Democratisch Appél,18730
0307010000513802,23.0,0.0,,3.0,0.0,42.0,20.0,2.0,0.0,,2.0,6.0,,139.25,202.57142857142858,65.83333333333333,51.5,0.0,,,0.0,2.0,72.53846153846153,0.0,1.0,1.0,68.0,,,9.0,,,63.857142857142854,66.0,5.0,0.0,0.0,0.5,73.0,117.0,2.0,14.5,4.0,0.0,0.0,0.0,,0.0,7.0,75.0,1.0,0.0,,11.0,0.0,1.0,1.0,0.0,,,2.0,0.0,0.6666666666666666,,27.0,,175.92857142857142,1.6666666666666667,0.0,,2.0,0.0,17.444444444444443,72.5,6.0,7.0,2.0,1.0,97.42857142857143,0.0,,7.666666666666667,,12.5,0.0,7.0,203.78571428571428,,0.0,,2.0,0.0,5.0,GM0307,Amersfoort,EP2004,WK030719,De Malehoeve,Christen Democratisch Appél,14450
0307010000515457,13.0,,,,,,,,,,,,,,54.0,58.0,,,,,,,52.0,,,,,,,,,,42.0,,,,,,,,,,2.0,,,,,,,,,,,0.0,,,,,,,,,,,,,210.0,,,,,,13.0,64.0,,,,,61.0,,,14.0,,,,,82.0,,,,,,,GM0307,Amersfoort,PS2011,WK030706,Vakcollege Amersfoort,50PLUS,665
0307010000518016,7.2,2.0,4.0,0.0,,39.0,14.0,0.0,0.0,1.0,4.0,8.0,1.0,72.33333333333333,83.9090909090909,57.4,42.0,0.0,22.0,2.0,,0.0,90.81818181818181,,0.0,0.0,,,,2.0,13.0,0.0,38.0,,5.0,0.0,0.0,0.3333333333333333,,,,,2.0,0.3333333333333333,2.0,0.0,,0.0,1.0,0.0,,,0.0,3.0,,0.0,0.0,,,1.0,2.0,,2.0,2.0,3.0,3.0,70.81818181818181,0.0,,,2.5,1.0,13.875,46.42857142857143,6.0,5.25,3.0,,46.27272727272727,1.0,,5.5,0.0,7.5,0.0,7.0,191.45454545454547,10.0,,1.0,,3.5,,GM0307,Amersfoort,EP2014,WK030731,Schoolgebouw De Gondelier,50PLUS,7364
0307010000519467,20.8,0.0,7.0,,0.0,55.5,10.0,2.0,1.0,6.0,4.0,16.0,4.0,92.0,119.25,75.72727272727273,77.0,,16.5,1.0,0.0,0.0,142.08333333333334,,1.0,1.0,,,,,22.0,0.0,107.75,80.0,5.0,0.0,,0.3333333333333333,,213.0,,12.0,3.0,0.5,0.0,0.0,,,2.0,97.5,1.0,13.0,1.0,4.0,0.5,1.0,,0.0,,0.0,2.0,,1.5,4.0,12.0,2.0,173.0,0.3333333333333333,,,3.0,,32.714285714285715,81.66666666666667,6.0,6.0,3.0,,95.0,2.0,,4.777777777777778,0.0,13.0,5.0,7.0,191.83333333333334,12.0,0.0,8.0,3.0,0.5,4.0,GM0307,Amersfoort,EP2014,WK030721,Schoolgebouw De Dubbelster,50PLUS,12986
0307010000520501,7.4,0.0,8.0,,,27.5,12.0,2.0,1.0,0.0,0.0,0.0,3.0,50.333333333333336,36.55555555555556,69.375,66.0,,5.0,0.0,,3.0,69.22222222222223,,0.0,0.0,,,,,5.0,0.0,85.44444444444444,,5.0,0.0,,2.0,,,,,0.0,0.0,0.0,0.5,,,0.0,,,,0.0,1.0,,0.0,,,,0.0,2.0,,2.0,1.0,14.0,0.0,51.111111111111114,0.0,,,3.0,,31.166666666666668,65.33333333333333,6.0,4.5,4.0,,58.666666666666664,1.0,,22.333333333333332,0.0,6.5,,7.0,50.888888888888886,3.0,,2.0,,0.5,,GM0307,Amersfoort,EP2014,WK030703,Westerkerk,50PLUS,4881
0307010000525432,5.0,0.0,7.0,,,37.0,6.0,3.0,0.0,0.0,4.0,2.0,0.0,36.666666666666664,88.3,75.375,177.5,,25.0,2.0,,1.5,137.2,,0.0,2.0,,0.0,10.0,,25.0,1.0,47.3,,5.0,0.0,,1.6666666666666667,,,,,0.0,2.3333333333333335,1.0,0.5,8.0,,1.0,,,,0.0,0.0,,0.0,,,18.0,2.0,2.0,,0.0,0.0,2.0,0.0,79.7,0.0,,1.0,4.0,,21.428571428571427,100.14285714285714,6.0,4.5,0.0,,34.9,1.0,2.0,14.833333333333334,0.0,4.5,,7.0,267.0,2.0,,2.0,,1.0,,GM0307,Amersfoort,EP2009,WK030728,Informatiecentrum Vathorst,Christen Democratisch Appél,8876
0307010000530658,17.2,1.0,12.0,0.0,0.0,29.0,9.0,0.0,1.0,0.0,2.0,4.0,0.0,52.6,180.6875,62.142857142857146,55.0,0.0,12.5,1.0,1.0,3.0,54.8,1.0,0.0,0.0,59.0,,,4.0,7.0,0.0,35.375,29.0,5.0,0.0,0.0,0.0,38.0,44.0,0.0,2.0,0.0,0.3333333333333333,1.0,0.0,,1.0,1.0,27.25,0.0,1.0,0.0,2.0,1.5,0.0,0.0,0.0,,0.0,2.0,2.0,0.6666666666666666,1.0,29.0,0.0,70.0625,0.6666666666666666,0.0,,2.5,0.0,14.6,44.285714285714285,6.0,2.75,6.0,0.0,35.5,0.0,,13.0,0.0,9.5,2.5,7.0,164.125,0.0,0.0,4.0,0.0,0.0,0.0,GM0307,Amersfoort,EP2004,WK030713,De Schuilenburght,Christen Democratisch Appél,11052
0307010000531925,22.6,0.0,10.0,0.0,0.0,37.0,21.0,1.0,0.0,3.0,3.0,31.0,1.0,90.4,115.8125,74.5,68.5,0.0,46.5,0.0,0.0,1.0,73.93333333333334,2.0,0.0,3.0,45.0,,,5.0,18.0,0.0,101.125,24.0,5.0,0.0,2.0,0.0,65.0,85.0,1.0,20.5,0.0,0.3333333333333333,1.0,0.5,,0.0,1.0,61.5,0.0,27.0,0.0,13.0,0.0,0.0,1.0,0.0,,2.0,2.0,0.0,4.333333333333333,2.0,30.0,2.0,183.0625,1.3333333333333333,0.0,,4.0,0.0,30.1,77.71428571428571,6.0,4.75,1.0,0.0,111.875,1.0,,19.545454545454547,1.0,20.0,4.5,7.0,109.6875,8.0,0.0,2.0,2.0,1.0,1.0,GM0307,Amersfoort,EP2004,WK030714,Prins Willem III-flat,Christen Democratisch Appél,14859
0307010000531958,35.8,0.0,11.0,2.0,0.0,49.0,14.0,1.0,0.0,0.0,3.0,5.0,5.0,102.0,199.875,114.0,98.0,0.0,23.0,0.0,0.0,1.0,77.13333333333334,1.0,0.0,0.0,62.0,,,4.0,14.0,0.0,90.125,34.0,5.0,0.0,0.0,2.0,60.0,105.0,3.0,14.0,4.0,0.6666666666666666,1.0,0.0,,0.0,5.0,73.25,2.0,8.0,0.0,4.5,0.5,0.0,0.0,0.0,,0.0,2.0,0.0,1.0,2.0,29.0,0.0,183.25,0.3333333333333333,2.0,,2.5,0.0,22.6,77.0,6.0,4.75,2.0,0.0,86.5625,0.0,,16.0,0.0,14.5,6.0,7.0,177.5625,3.0,0.0,6.0,4.0,0.0,4.0,GM0307,Amersfoort,EP2004,WK030708,Sociëteitsruimte Seniorenflat,Christen Democratisch Appél,17346
0307010000532168,42.0,1.0,6.0,,0.0,68.0,22.0,1.0,1.0,1.0,1.0,0.0,1.0,126.25,167.30769230769232,122.36363636363636,123.0,,1.5,0.0,0.0,1.0,74.53846153846153,0.0,0.0,0.0,71.0,,,,12.0,2.0,52.15384615384615,34.0,5.0,1.0,,1.6666666666666667,,109.0,2.0,7.5,1.0,1.5,0.0,0.0,,,1.0,97.66666666666667,1.0,2.0,1.0,3.0,0.0,1.0,,0.0,,1.0,2.0,0.0,1.0,0.0,36.0,0.0,126.38461538461539,0.6666666666666666,0.0,,4.0,,16.25,101.5,6.0,3.75,1.0,1.0,67.07692307692308,0.0,,14.444444444444445,0.0,19.5,2.0,7.0,162.76923076923077,2.0,0.0,1.0,1.0,0.5,8.0,GM0307,Amersfoort,EP2004,WK030711,Burgemeester Molendijkflat,Christen Democratisch Appél,12500
0307010000532858,19.5,1.0,10.0,,,94.5,20.0,1.0,1.0,3.0,5.0,8.0,2.0,83.5,111.33333333333333,109.2,73.0,,37.0,0.0,,2.0,217.0,,0.0,0.0,,,,,25.0,0.0,89.33333333333333,,,0.0,,1.3333333333333333,,,,,,0.5,6.0,1.5,,,,,,,1.0,,,0.0,,,,1.0,,,,5.0,15.0,3.0,104.16666666666667,0.0,,,3.0,,41.5,92.25,,5.333333333333333,4.0,,77.0,2.0,,22.0,0.0,,,,314.8333333333333,7.0,,5.0,,1.5,,GM0307,Amersfoort,EP2014,WK030729,ICOON Theater,50PLUS,7389
0307010000533306,2.8,0.0,1.0,0.0,0.0,5.5,1.0,0.0,0.0,0.0,0.0,0.0,0.0,8.0,43.625,7.214285714285714,6.0,0.0,0.5,0.0,0.0,0.0,7.2,0.0,0.0,0.0,7.0,,,0.0,2.0,0.0,6.125,3.0,1.0,0.0,0.0,0.0,2.0,11.0,0.0,1.0,2.0,0.0,0.0,0.0,,0.0,1.0,5.75,0.0,0.0,0.0,2.0,0.0,0.0,0.0,0.0,,0.0,1.0,0.0,1.0,0.0,1.0,0.0,14.6875,0.0,0.0,,0.5,0.0,2.3,5.142857142857143,1.0,0.5,0.0,0.0,10.5,1.0,,2.272727272727273,0.0,2.5,0.0,1.0,18.125,0.0,0.0,2.0,0.0,0.0,0.0,GM0307,Amersfoort,EP2004,WK030705,Verpleeghuis Birkhoven,Christen Democratisch Appél,1938
0307010000533768,8.0,0.0,9.0,,,53.0,7.0,0.0,,2.0,5.0,5.0,2.0,32.5,73.2,93.5,44.0,,21.5,0.0,,2.0,148.8,,,0.0,,,,,15.0,0.0,51.6,,,1.0,,1.0,,,,,,0.0,0.0,0.0,,,,,,,0.0,,,,,,,0.0,,,,4.0,4.0,5.0,47.6,,,,,,18.333333333333332,61.666666666666664,,5.0,1.0,,38.6,,,8.333333333333334,0.0,,,,220.6,4.0,,2.0,,0.5,,GM0307,Amersfoort,EP2014,WK030730,ABC School De Bron,50PLUS,3905
0307010000533774,13.0,,,,,,,,1.0,,,,,199.0,92.0,66.25,,,,,,,114.75,,0.0,,,,,,,,51.75,,5.0,,,,,,,,2.0,0.0,,0.0,,,3.0,,,,,1.0,,1.0,,,,,2.0,,2.0,,,,156.0,0.0,,,3.0,,18.666666666666668,77.66666666666667,6.0,5.0,,,69.25,0.0,,8.0,,6.0,,7.0,367.5,,,,,,,GM0307,Amersfoort,GR2010,WK030730,Schoolgebouw Atlantis,Burger Partij Amersfoort,4266
0307010000534046,,,13.0,,,49.0,,,,,,,6.0,47.0,77.0,66.0,,,15.0,,,,168.0,,,,,,,,,,220.0,,,,,,,,,,,,,,,,,,,,,,,,,,,,,,,,,,61.0,,,,,,,,,,,,53.0,,,7.0,,,,,136.0,,,2.0,,,,GM0307,Amersfoort,GR2018,WK030704,Het Eemhuis,Actief,920
0307010000534181,,,,,0.0,,,,,,,,,117.0,86.5,46.5,,,,,0.0,,7.0,,,,,,,,,,31.0,,,,,,76.0,,,3.0,,,,,,,,7.0,0.0,,,,0.0,,,,,,,,2.0,,,,92.0,0.0,,,,,4.0,,,,,,24.5,,,1.0,,,,,101.5,,0.0,,,,,GM0307,Amersfoort,GR2006,WK030729,Vathorst College,Burger Partij Amersfoort,983
0307010000539877,3.4,0.0,0.0,0.0,0.0,3.5,2.0,1.0,0.0,0.0,0.0,0.0,0.0,12.2,58.3125,11.142857142857142,8.0,0.0,0.0,0.0,0.0,0.0,16.666666666666668,1.0,0.0,0.0,12.0,,,2.0,3.0,0.0,12.0,3.0,5.0,0.0,0.0,0.3333333333333333,6.0,18.0,0.0,0.5,1.0,0.0,0.0,0.0,,0.0,0.0,11.5,0.0,0.0,0.0,1.5,0.0,0.0,0.0,0.0,,0.0,20.0,0.0,0.6666666666666666,0.0,2.0,0.0,28.75,0.0,1.0,,5.0,0.0,4.5,12.142857142857142,10.0,5.0,1.0,0.0,12.625,0.0,,6.090909090909091,0.0,10.0,0.5,15.0,43.5625,0.0,0.0,2.0,1.0,0.0,1.0,GM0307,Amersfoort,EP2004,WK030705,Woon- en Zorgcentrum De Lichtenberg,Christen Democratisch Appél,3399
0307010000539995,20.6,0.0,17.0,,,128.0,43.0,4.0,0.0,8.0,5.0,25.0,2.0,102.66666666666667,137.0,152.25,173.0,,92.5,1.0,,0.0,211.33333333333334,,0.0,5.0,,,,,67.0,1.0,82.44444444444444,,5.0,1.0,,4.333333333333333,,,,,1.0,2.0,2.0,0.5,,,3.0,,,,0.0,1.0,,0.0,,,,0.0,2.0,,1.0,5.0,18.0,2.0,100.22222222222223,1.0,,,2.5,,36.833333333333336,117.66666666666667,6.0,8.25,8.0,,96.77777777777777,0.0,,18.333333333333332,0.0,6.0,,7.0,391.1111111111111,12.0,,12.0,,0.0,,GM0307,Amersfoort,EP2014,WK030728,Sporthal De Brink,50PLUS,12783
0307010000541913,14.25,0.0,,4.0,0.0,13.0,10.0,1.0,0.0,0.0,2.0,56.0,,68.25,110.0,74.5,64.5,0.0,179.0,0.0,0.0,0.0,55.84615384615385,0.0,1.0,1.0,43.0,,,8.0,18.0,0.0,70.14285714285714,23.0,5.0,0.0,11.0,1.6666666666666667,35.0,77.0,0.0,11.0,,0.0,0.0,0.5,,0.0,4.0,64.5,2.0,100.0,0.0,6.0,4.5,0.0,0.0,0.0,,0.0,2.0,3.0,3.6666666666666665,1.0,12.0,0.0,170.78571428571428,1.3333333333333333,0.0,,4.5,1.0,14.11111111111111,66.66666666666667,6.0,3.75,2.0,0.0,77.28571428571429,1.0,,13.444444444444445,0.0,13.5,2.5,7.0,79.0,6.0,0.0,,3.0,0.0,10.0,GM0307,Amersfoort,EP2004,WK030710,Schoolgebouw Axia Collega,Christen Democratisch Appél,10847
0307010000542002,10.8,1.0,13.0,,,40.5,22.0,1.0,1.0,2.0,5.0,8.0,7.0,81.33333333333333,72.22222222222223,57.375,40.0,,25.5,1.0,,8.0,195.33333333333334,,3.0,3.0,,,,,21.0,0.0,153.44444444444446,,5.0,0.0,,1.0,,,,,3.0,0.0,2.0,1.0,,,9.0,,,,1.0,1.0,,0.0,,,,0.0,2.0,,3.0,2.0,9.0,0.0,150.0,3.0,,,5.0,,41.666666666666664,52.0,6.0,9.25,1.0,,90.22222222222223,1.0,,7.0,0.0,11.5,,7.0,152.0,3.0,,5.0,,2.0,,GM0307,Amersfoort,EP2014,WK030701,Oude Stadhuis,50PLUS,9090
0307010000542070,10.666666666666666,0.0,,1.0,0.0,33.0,15.0,0.0,0.0,,3.0,5.0,,104.0,163.15384615384616,75.0909090909091,80.0,0.0,,,0.0,0.0,78.5,0.0,1.0,0.0,77.0,,,2.0,,,53.23076923076923,27.0,5.0,0.0,2.0,0.0,90.0,65.0,1.0,8.5,0.0,0.6666666666666666,,1.0,,0.0,3.0,62.5,0.0,5.0,,7.5,0.0,0.0,0.0,0.0,,,2.0,1.0,1.0,,16.0,,155.3846153846154,1.0,2.0,,2.5,0.0,15.25,64.6,6.0,6.333333333333333,,0.0,60.69230769230769,1.0,,5.5,,8.5,0.0,7.0,235.30769230769232,,0.0,,1.0,,4.0,GM0307,Amersfoort,EP2004,WK030724,Schoolgebouw De Wonderboom,Christen Democratisch Appél,12253
0307010000544408,13.5,,1.0,,,26.0,,,,1.0,,,0.0,24.0,49.333333333333336,44.0,,,13.0,0.0,,,82.33333333333333,,,,,,,,7.0,0.0,62.0,,,,,1.5,,,,,,,0.0,0.0,,,,,,,0.0,,,,,,,0.0,,,,0.0,,3.0,34.333333333333336,,,,,,21.5,33.0,,0.0,2.0,,55.666666666666664,,,5.666666666666667,0.0,,,,85.33333333333333,3.0,,2.0,,0.0,,GM0307,Amersfoort,GR2018,WK030727,Meander Medisch Centrum,Actief,1490
0307010000545820,15.0,0.0,6.0,1.0,0.0,54.0,18.0,1.0,0.0,3.0,5.0,6.0,0.0,116.5,150.46153846153845,93.0,57.5,1.0,37.0,0.0,0.0,2.0,124.08333333333333,3.0,0.0,0.0,85.0,,,19.0,32.0,1.0,131.69230769230768,37.0,,0.0,0.0,2.0,128.0,59.0,0.0,10.5,,0.3333333333333333,0.0,0.5,,0.0,,67.5,2.0,10.0,0.0,33.0,0.0,0.0,1.0,0.0,,2.0,,3.0,4.0,3.0,16.0,4.0,204.30769230769232,1.0,0.0,,1.0,0.0,30.5,74.0,,5.333333333333333,3.0,0.0,129.69230769230768,2.0,,6.666666666666667,0.0,,2.5,,240.15384615384616,6.0,0.0,4.0,1.0,0.5,8.0,GM0307,Amersfoort,EP2004,WK030731,St. Pieters en Bloklands Gasthuis,Christen Democratisch Appél,15979
0307010000554308,13.0,0.0,,,,,,1.0,,,1.0,,,,66.0,,57.0,,,,,1.0,207.0,,,2.0,,,,,,,111.0,,,1.0,,4.0,,,,,,2.0,,,,,,,,,,,,,,,,,,,,,,,55.0,,,,,,41.0,52.0,,3.0,,,53.0,,,,,,,,94.0,,,,,,,GM0307,Amersfoort,EP2014,WK030717,PopUp stembureau ROC Midden-Nederland Kapelweg,50PLUS,764
0307010000559985,17.75,0.0,,1.0,0.0,17.0,15.0,2.0,0.0,,2.0,27.0,,93.5,132.42857142857142,69.16666666666667,81.0,1.0,,,0.0,3.0,79.6923076923077,0.0,0.0,0.0,49.0,,,1.0,,,57.42857142857143,50.0,5.0,0.0,3.0,1.5,75.0,57.0,2.0,6.0,1.0,0.3333333333333333,0.0,0.0,,0.0,9.0,49.25,1.0,56.0,,12.0,0.5,1.0,0.0,0.0,,,2.0,1.0,3.3333333333333335,,25.0,,167.21428571428572,0.3333333333333333,1.0,,4.0,0.0,19.333333333333332,48.5,6.0,4.666666666666667,3.0,0.0,68.5,0.0,,28.666666666666668,,11.0,5.5,7.0,156.5,,0.0,,0.0,0.0,1.0,GM0307,Amersfoort,EP2004,WK030715,Burg. van Randwijckhuis,Christen Democratisch Appél,12073
wijk bosgebied,,,,,,,,,,,,,,,109.0,,30.0,,,,,0.0,40.0,,,,,2.0,3.0,,,,32.0,,,,,,,,,,,1.0,,,1.0,,,,,,,,,,,,0.0,,,,,,,,46.0,,,0.0,,,14.0,49.0,,,,,21.0,,0.0,,,,,,49.0,,,,,,,GM0307,Amersfoort,EP2009,WK030705,Wijk Bosgebied,Christen Democratisch Appél,397
wijk buitengebied west,,,,,,,,,,,,,,,98.0,,11.0,,,,,0.0,9.0,,,,,0.0,1.0,,,,14.0,,,,,,,,,,,1.0,,,2.0,,,,,,,,,,,,0.0,,,,,,,,5.0,,,0.0,,,5.0,32.0,,,,,2.0,,0.0,,,,,,32.0,,,,,,,GM0307,Amersfoort,EP2009,WK030727,Wijk Buitengebied West,Christen Democratisch Appél,212
wijk de berg noord,,,,,,,,,,,,,,,248.0,,126.0,,,,,5.0,539.0,,,,,1.0,2.0,,,,317.0,,,,,,,,,,,9.0,,,7.0,,,,,,,,,,,,22.0,,,,,,,,225.0,,,1.0,,,48.0,152.0,,,,,100.0,,2.0,,,,,,373.0,,,,,,,GM0307,Amersfoort,EP2009,WK030718,Wijk De Berg Noord,Christen Democratisch Appél,2177
wijk de berg zuid,,,,,,,,,,,,,,,253.0,,131.0,,,,,6.0,510.0,,,,,1.0,5.0,,,,434.0,,,,,,,,,,,5.0,,,8.0,,,,,,,,,,,,7.0,,,,,,,,282.0,,,0.0,,,88.0,194.0,,,,,145.0,,1.0,,,,,,242.0,,,,,,,GM0307,Amersfoort,EP2009,WK030717,Wijk De Berg Zuid,Christen Democratisch Appél,2312
wijk de koppel,,,,,,,,,,,,,,,44.0,,59.0,,,,,0.0,90.0,,,,,0.0,2.0,,,,59.0,,,,,,,,,,,3.0,,,2.0,,,,,,,,,,,,9.0,,,,,,,,83.0,,,0.0,,,27.0,78.0,,,,,72.0,,2.0,,,,,,52.0,,,,,,,GM0307,Amersfoort,EP2009,WK030706,Wijk De Koppel,Christen Democratisch Appél,582
wijk de kruiskamp,,,,,,,,,,,,,,,149.0,,91.0,,,,,2.0,190.0,,,,,1.0,2.0,,,,172.0,,,,,,,,,,,5.0,,,5.0,,,,,,,,,,,,9.0,,,,,,,,188.0,,,0.0,,,47.0,185.0,,,,,104.0,,5.0,,,,,,86.0,,,,,,,GM0307,Amersfoort,EP2009,WK030707,Wijk De Kruiskamp,Christen Democratisch Appél,1241
wijk hoogland,,,,,,,,,,,,,,,713.0,,287.0,,,,,6.0,449.0,,,,,3.0,21.0,,,,424.0,,,,,,,,,,,10.0,,,10.0,,,,,,,,,,,,13.0,,,,,,,,408.0,,,2.0,,,80.0,495.0,,,,,230.0,,3.0,,,,,,432.0,,,,,,,GM0307,Amersfoort,EP2009,WK030719,Wijk Hoogland,Christen Democratisch Appél,3586
wijk hooglanderveen,,,,,,,,,,,,,,,235.0,,28.0,,,,,0.0,75.0,,,,,2.0,1.0,,,,33.0,,,,,,,,,,,2.0,,,1.0,,,,,,,,,,,,1.0,,,,,,,,51.0,,,0.0,,,18.0,107.0,,,,,38.0,,0.0,,,,,,77.0,,,,,,,GM0307,Amersfoort,EP2009,WK030726,Wijk Hooglanderveen,Christen Democratisch Appél,669
wijk kattenbroek,,,,,,,,,,,,,,,389.0,,265.0,,,,,5.0,694.0,,,,,4.0,11.0,,,,448.0,,,,,,,,,,,7.0,,,7.0,,,,,,,,,,,,15.0,,,,,,,,495.0,,,3.0,,,139.0,433.0,,,,,217.0,,7.0,,,,,,422.0,,,,,,,GM0307,Amersfoort,EP2009,WK030721,Wijk Kattenbroek,Christen Democratisch Appél,3561
wijk leusderkwartier,,,,,,,,,,,,,,,258.0,,200.0,,,,,3.0,344.0,,,,,1.0,6.0,,,,298.0,,,,,,,,,,,8.0,,,10.0,,,,,,,,,,,,4.0,,,,,,,,224.0,,,2.0,,,68.0,232.0,,,,,127.0,,1.0,,,,,,171.0,,,,,,,GM0307,Amersfoort,EP2009,WK030716,Wijk Leusderkwartier,Christen Democratisch Appél,1957
wijk liendert,,,,,,,,,,,,,,,253.0,,225.0,,,,,5.0,172.0,,,,,1.0,7.0,,,,147.0,,,,,,,,,,,4.0,,,10.0,,,,,,,,,,,,4.0,,,,,,,,242.0,,,3.0,,,59.0,303.0,,,,,134.0,,8.0,,,,,,118.0,,,,,,,GM0307,Amersfoort,EP2009,WK030710,Wijk Liendert,Christen Democratisch Appél,1695
wijk nieuwland,,,,,,,,,,,,,,,532.0,,401.0,,,,,4.0,605.0,,,,,1.0,18.0,,,,357.0,,,,,,,,,,,12.0,,,11.0,,,,,,,,,,,,18.0,,,,,,,,414.0,,,6.0,,,99.0,513.0,,,,,222.0,,12.0,,,,,,543.0,,,,,,,GM0307,Amersfoort,EP2009,WK030724,Wijk Nieuwland,Christen Democratisch Appél,3768
wijk randenbroek,,,,,,,,,,,,,,,310.0,,256.0,,,,,2.0,268.0,,,,,1.0,16.0,,,,337.0,,,,,,,,,,,10.0,,,5.0,,,,,,,,,,,,14.0,,,,,,,,366.0,,,0.0,,,99.0,304.0,,,,,153.0,,5.0,,,,,,167.0,,,,,,,GM0307,Amersfoort,EP2009,WK030714,Wijk Randenbroek,Christen Democratisch Appél,2313
wijk rustenburg,,,,,,,,,,,,,,,178.0,,140.0,,,,,2.0,90.0,,,,,0.0,2.0,,,,98.0,,,,,,,,,,,2.0,,,4.0,,,,,,,,,,,,7.0,,,,,,,,131.0,,,2.0,,,34.0,209.0,,,,,64.0,,1.0,,,,,,74.0,,,,,,,GM0307,Amersfoort,EP2009,WK030711,Wijk Rustenburg,Christen Democratisch Appél,1038
wijk schothorst noord,,,,,,,,,,,,,,,268.0,,255.0,,,,,7.0,234.0,,,,,4.0,13.0,,,,303.0,,,,,,,,,,,3.0,,,7.0,,,,,,,,,,,,13.0,,,,,,,,300.0,,,0.0,,,95.0,343.0,,,,,198.0,,7.0,,,,,,180.0,,,,,,,GM0307,Amersfoort,EP2009,WK030709,Wijk Schothorst Noord,Christen Democratisch Appél,2230
wijk schothorst zuid,,,,,,,,,,,,,,,309.0,,231.0,,,,,3.0,150.0,,,,,2.0,5.0,,,,160.0,,,,,,,,,,,5.0,,,5.0,,,,,,,,,,,,13.0,,,,,,,,231.0,,,0.0,,,39.0,208.0,,,,,134.0,,1.0,,,,,,134.0,,,,,,,GM0307,Amersfoort,EP2009,WK030708,Wijk Schothorst Zuid,Christen Democratisch Appél,1630
wijk schuilenburg,,,,,,,,,,,,,,,229.0,,130.0,,,,,1.0,151.0,,,,,0.0,5.0,,,,114.0,,,,,,,,,,,2.0,,,5.0,,,,,,,,,,,,5.0,,,,,,,,143.0,,,0.0,,,28.0,179.0,,,,,84.0,,3.0,,,,,,129.0,,,,,,,GM0307,Amersfoort,EP2009,WK030713,Wijk Schuilenburg,Christen Democratisch Appél,1208
wijk soesterkwartier,,,,,,,,,,,,,,,264.0,,255.0,,,,,9.0,275.0,,,,,3.0,10.0,,,,355.0,,,,,,,,,,,5.0,,,13.0,,,,,,,,,,,,17.0,,,,,,,,334.0,,,1.0,,,142.0,515.0,,,,,247.0,,3.0,,,,,,148.0,,,,,,,GM0307,Amersfoort,EP2009,WK030703,Wijk Soesterkwartier,Christen Democratisch Appél,2596
wijk stadskern,,,,,,,,,,,,,,,243.0,,103.0,,,,,11.0,419.0,,,,,3.0,8.0,,,,412.0,,,,,,,,,,,9.0,,,11.0,,,,,,,,,,,,25.0,,,,,,,,219.0,,,2.0,,,95.0,191.0,,,,,150.0,,6.0,,,,,,211.0,,,,,,,GM0307,Amersfoort,EP2009,WK030701,Wijk Stadskern,Christen Democratisch Appél,2118
wijk stoutenburg-noord,,,,,,,,,,,,,,,31.0,,37.0,,,,,0.0,12.0,,,,,0.0,5.0,,,,6.0,,,,,,,,,,,0.0,,,0.0,,,,,,,,,,,,0.0,,,,,,,,9.0,,,0.0,,,9.0,36.0,,,,,5.0,,0.0,,,,,,15.0,,,,,,,GM0307,Amersfoort,EP2009,WK030712,Wijk Stoutenburg-noord,Christen Democratisch Appél,165
wijk vermeerkwartier,,,,,,,,,,,,,,,227.0,,167.0,,,,,7.0,330.0,,,,,0.0,7.0,,,,338.0,,,,,,,,,,,4.0,,,5.0,,,,,,,,,,,,5.0,,,,,,,,283.0,,,3.0,,,49.0,182.0,,,,,127.0,,4.0,,,,,,169.0,,,,,,,GM0307,Amersfoort,EP2009,WK030715,Wijk Vermeerkwartier,Christen Democratisch Appél,1907
wijk zielhorst,,,,,,,,,,,,,,,341.0,,318.0,,,,,2.0,329.0,,,,,0.0,11.0,,,,286.0,,,,,,,,,,,9.0,,,12.0,,,,,,,,,,,,11.0,,,,,,,,300.0,,,2.0,,,63.0,324.0,,,,,182.0,,5.0,,,,,,238.0,,,,,,,GM0307,Amersfoort,EP2009,WK030720,Wijk Zielhorst,Christen Democratisch Appél,2433
wijk zonnehof,,,,,,,,,,,,,,,76.0,,37.0,,,,,2.0,140.0,,,,,0.0,1.0,,,,80.0,,,,,,,,,,,1.0,,,2.0,,,,,,,,,,,,4.0,,,,,,,,68.0,,,0.0,,,25.0,64.0,,,,,25.0,,0.0,,,,,,75.0,,,,,,,GM0307,Amersfoort,EP2009,WK030702,Wijk Zonnehof,Christen Democratisch Appél,600
